station,n,baseline_mae,xgb_delta_mae,gain,alpha
25913,365,2.946849315068493,1.306875459937098,1.639973855131395,0.5565177176673105
22113,365,1.258082191780822,0.7180813196434142,0.5400008721374079,0.42922543190364515
37235,365,0.8843835616438357,0.5828079382319973,0.3015756234118384,0.341000937253163
30710,365,1.2413698630136987,1.045001038761988,0.19636882425171076,0.1581872011738566
29570,365,1.4216438356164383,1.2425080162816529,0.1791358193347854,0.12600611689573457
25563,365,2.4104109589041096,2.2634826367731167,0.14692832213099294,0.060955714455344874
26063,365,0.6131506849315069,0.5008991475158359,0.11225153741567107,0.18307332956532588
30823,365,1.2115068493150685,1.1010769384032855,0.110429910911783,0.09115087626142197
28900,365,0.6528767123287671,0.5641194927247165,0.08875721960405059,0.1359479024568966
24688,365,1.8846575342465757,1.8043920588921534,0.0802654753544223,0.04258889156034908
22837,365,1.1884931506849314,1.1119314678148557,0.0765616828700757,0.06441911998058468
28440,365,0.8567123287671234,0.7834885188888707,0.07322380987825272,0.08547070868424125
29866,293,1.4860068259385668,1.4191624136311052,0.06684441230746163,0.04498257419863632
30965,365,1.5865753424657534,1.525445315936606,0.06113002652914745,0.03852954529984255
34163,275,1.2272727272727275,1.1684876375531736,0.058785089719553874,0.047898961993710555
29838,365,1.5197260273972604,1.4649978782729667,0.05472814912429369,0.03601185222709067
25703,364,2.1123626373626374,2.060806338885891,0.05155629847674659,0.0244069354214277
21946,365,1.5838356164383565,1.5324392437692476,0.0513963726691089,0.032450572607204194
30393,364,1.2436813186813187,1.1925577209724156,0.05112359770890307,0.04110667012600114
31873,365,1.3345205479452056,1.2837789564105453,0.05074159153466029,0.03802233814442826
21982,365,1.2167123287671233,1.1683129202436389,0.048399408523484455,0.039778842853122776
24966,339,1.8380530973451328,1.7917587314465886,0.04629436589854419,0.02518663142289597
31594,365,1.4994520547945205,1.453307938870961,0.04614411592355938,0.030773985587610405
25551,364,2.125824175824176,2.0818378393850443,0.043986336439131524,0.02069142732468839
31707,365,1.232602739726027,1.1904688296176185,0.04213391010840861,0.0341828788387845
30673,365,1.5561643835616439,1.514174558905588,0.04198982465605594,0.026982897886373976
31915,365,1.1893150684931508,1.1477437680023834,0.041571300490767404,0.03495398451769201
30949,365,1.4032876712328768,1.362314670842734,0.04097300039014273,0.029197862441237985
28722,365,0.8958904109589038,0.8567954475254023,0.039094963433501495,0.043638109031278446
30521,365,1.4043835616438354,1.3656622782221053,0.03872128342173009,0.027571729319023578
31004,365,1.232054794520548,1.194273795520708,0.03778099899984011,0.030665031431936045
32098,365,1.5421917808219177,1.5047566260167795,0.03743515480513815,0.024273994499689866
30925,365,1.2112328767123288,1.174199360453728,0.03703351625860085,0.030575058661817034
31388,354,1.2522598870056498,1.2159007021362136,0.036359184869436234,0.02903485550142212
31416,365,1.692602739726028,1.6563018650968868,0.03630087462914111,0.02144677766208563
24908,365,1.894246575342466,1.8579893026043572,0.03625727273810875,0.019140735535738633
23891,364,1.4549450549450547,1.4192526826086986,0.035692372336356026,0.024531766484957696
35121,365,0.9882191780821917,0.9526088986317437,0.035610279450448035,0.03603479900031476
24343,363,1.3575757575757577,1.322028757945154,0.035546999630603704,0.026184173835042904
31168,365,1.2580821917808218,1.2226311265720586,0.03545106520876318,0.028178655925955053
29698,365,1.4712328767123288,1.437376492243222,0.03385638446910688,0.023012253875649927
29612,364,1.048901098901099,1.0156591502861643,0.03324194861493468,0.03169216683037251
27595,365,0.8517808219178081,0.8187593911718801,0.033021430745928004,0.03876752081783121
30372,365,1.6578082191780823,1.6255724532009272,0.03223576597715505,0.019444810083724333
31960,365,1.3572602739726027,1.3250642692283663,0.03219600474423645,0.023721319603646155
31369,365,1.409041095890411,1.378015760732113,0.031025335158297862,0.02201875818156469
24266,365,2.0021917808219176,1.9728594953181502,0.02933228550376743,0.014650087861077056
24507,364,1.6873626373626376,1.658212056663079,0.02915058069955867,0.01727582444584721
24951,365,1.5734246575342465,1.544573365571711,0.02885129196253544,0.01833662121944182
24959,365,1.2219178082191782,1.1932342027810925,0.02868360543808568,0.023474251087222585
31329,365,1.0575342465753426,1.0308103239863526,0.026723922588989923,0.02527003042741275
30636,364,1.5796703296703296,1.5529655200585974,0.02670480961173216,0.01690530556290523
31532,365,1.552876712328767,1.5267229999308412,0.026153712397925855,0.016842104843406737
32061,364,1.2678571428571428,1.241742710827552,0.02611443202959074,0.020597298502212414
28138,306,1.8362745098039215,1.8115492694378141,0.02472524036610735,0.013464893312028561
36034,365,1.4816438356164385,1.4571022657518697,0.02454156986456879,0.01656374445371229
28434,364,1.2494505494505495,1.2259994590148209,0.023451090435728572,0.01876912251232454
30777,365,1.286301369863014,1.2629090830273064,0.023392286835707488,0.018185696901029245
31510,365,1.0249315068493152,1.0038896043938808,0.02104190245543447,0.020530057193888212
22550,365,0.717808219178082,0.6983394295211933,0.019468789656888696,0.027122550476199908
31909,365,1.2964383561643837,1.2776094859880907,0.01882887017629309,0.01452353680124044
29231,365,1.4005479452054792,1.382159379299974,0.018388565905505194,0.013129551164924485
31088,365,0.9997260273972604,0.9818404152697552,0.01788561212750517,0.017890513638090945
34391,365,0.9169863013698628,0.8993213366554039,0.017664964714458886,0.01926415333366446
31253,337,1.1477744807121661,1.1308136078585365,0.016960872853629683,0.014777182398327825
24641,364,1.320054945054945,1.3041351695130527,0.015919775541892278,0.012059934021329426
23955,365,1.3512328767123285,1.3365742959846958,0.014658580727632708,0.01084830082235592
23472,365,1.5046575342465756,1.4905347953461852,0.014122738900390397,0.00938601547458575
34861,365,0.575890410958904,0.5617788463606409,0.014111564598263127,0.024503906176812758
23933,365,0.9767123287671233,0.962796550459541,0.013915778307582283,0.014247571058253949
23884,365,1.4761643835616438,1.4631152185378913,0.01304916502375253,0.008839913202801917
28224,321,1.0457943925233646,1.0334040630243957,0.0123903294989689,0.011847768153616373
29282,365,1.2978082191780822,1.285813188100591,0.011995031077491225,0.009242529751497355
24817,365,1.7164383561643837,1.7046865693441504,0.011751786820233256,0.0068466116350920005
27459,365,0.9583561643835615,0.9466292556071628,0.011726908776398703,0.012236482857019804
24944,364,1.3057692307692306,1.2942601402434084,0.011509090525822163,0.008814031035975738
34172,364,1.0324175824175823,1.0214132964634077,0.011004285954174575,0.010658754889088733
32411,365,1.2542465753424659,1.243716803609293,0.010529771733172932,0.008395296379659502
23921,364,1.3782967032967033,1.3688916247161516,0.009405078580551729,0.006823696638072213
30252,365,1.6312328767123287,1.6219905634383887,0.009242313273940095,0.0056658453896340855
28661,365,0.8473972602739724,0.8385826827683134,0.00881457750565906,0.010401942416959449
24738,364,1.4505494505494505,1.442025226911034,0.008524223638416428,0.005876548114362841
23631,365,0.942191780821918,0.9337614639312642,0.008430316890653766,0.008947559363444676
23724,365,1.0712328767123287,1.0630517385041736,0.008181138208155136,0.007637123902753517
29263,364,1.2057692307692307,1.19836281777483,0.007406412994400702,0.006142479676376978
27333,253,1.066403162055336,1.059659794635938,0.006743367419397961,0.006323469077493269
30230,365,1.2435616438356165,1.2368208912750451,0.006740752560571384,0.005420521446592982
37031,365,0.8082191780821918,0.8022050062374032,0.006014171844788585,0.007441263468975706
34824,365,0.7293150684931509,0.7247662348009339,0.004548833692216925,0.006237131095639283
28064,365,0.9076712328767123,0.9043147766910977,0.0033564561856145314,0.0036978765703269065
32165,365,0.8424657534246576,0.8406467881295926,0.0018189652950649782,0.002159097016906397
34123,365,0.6342465753424658,0.6326967052839559,0.0015498700585098169,0.002443639617088912
22641,365,0.9123287671232877,0.9127068397246481,-0.0003780726013603575,0.0
22887,364,0.9054945054945056,0.9060885008521028,-0.0005939953575971879,0.0
30054,365,1.0723287671232877,1.0729409277935078,-0.0006121606702200744,0.0
28275,365,1.067945205479452,1.0694194598899904,-0.0014742544105383892,0.0
23405,365,0.9263013698630135,0.9296522768714451,-0.0033509070084316583,0.0
23205,364,1.0483516483516482,1.0522063588906958,-0.0038547105390476233,0.0
27199,365,0.8153424657534247,0.8202626142936618,-0.004920148540237035,0.0
34880,365,0.4734246575342466,0.4803521364668307,-0.006927478932584108,0.0
29430,365,0.6326027397260273,0.6404771249218244,-0.007874385195797085,0.0
22583,365,0.886027397260274,0.8952030107590422,-0.009175613498768165,0.0
27648,365,0.9419178082191783,0.9530195930325236,-0.011101784813345339,0.0
23418,364,1.074725274725275,1.0859119223902811,-0.01118664766500621,0.0
23804,365,0.682191780821918,0.6941434893848325,-0.011951708562914498,0.0
20891,365,1.3630136986301367,1.376335313772266,-0.013321615142129373,0.0
33008,365,0.4208219178082191,0.4385882662335882,-0.017766348425369116,0.0
23711,365,0.9139726027397261,0.9321687963145645,-0.01819619357483837,0.0
32389,365,1.043013698630137,1.062330377213601,-0.019316678583463975,0.0
37472,364,0.6186813186813187,0.6392705093322137,-0.02058919065089504,0.0
27823,365,0.8172602739726026,0.838975522207648,-0.021715248235045448,0.0
27612,365,0.3400000000000001,0.36199571346009335,-0.02199571346009327,0.0
26477,364,0.3826923076923077,0.4055391400600887,-0.022846832367780956,0.0
22602,365,0.6175342465753424,0.640993931845025,-0.023459685269682562,0.0
30758,365,0.9413698630136985,0.9649460231507682,-0.023576160137069646,0.0
27037,365,0.6586301369863014,0.682659052402891,-0.02402891541658969,0.0
28698,365,0.9041095890410958,0.9313294682080843,-0.027219879166988425,0.0
22802,365,0.3624657534246576,0.39035213053179424,-0.02788637710713665,0.0
23324,365,1.0906849315068494,1.1201985693087624,-0.029513637801912962,0.0
28493,365,1.0054794520547945,1.0435220011640085,-0.03804254910921401,0.0
22820,365,0.45999999999999996,0.49813587571255064,-0.03813587571255067,0.0
22217,365,0.6638356164383561,0.7094280605903851,-0.04559244415202901,0.0
24125,364,0.6497252747252746,0.7049138928045885,-0.055188618079313856,0.0
26258,365,0.6767123287671234,0.7424473445492554,-0.06573501578213203,0.0
20674,365,0.7863013698630137,0.9621090043828605,-0.17580763451984682,0.0
