station,n_rows,n_train,n_calib,rp5_mean,rp5_std,hydromet_mean,baseline_bias,baseline_mae,bias_cold,bias_warm,mae_cold,mae_warm,bias_seasonal_gap,mae_seasonal_gap,rp5_summer_minus_winter,cluster_id
20674,3286,2921,365,-8.566007303712722,12.644910816744297,-8.689592209373098,0.12358490566037732,0.9710590383444919,0.1716911764705884,0.08961578400830739,1.3366911764705882,0.7128764278296988,0.08207539246228102,0.6238147486408894,25.4549741684935,0
21982,3068,2703,365,-7.968220338983051,10.317093098555196,-7.859582790091265,-0.10863754889178619,1.322522816166884,-0.22720125786163692,-0.024665924276169315,1.781918238993711,0.9971603563474388,-0.2025353335854676,0.7847578826462721,20.143479022426554,0
22113,3287,2922,365,0.8941588074231822,10.402910658421707,1.7322482506845147,-0.8380894432613326,1.1179799209005172,-1.708817046289493,-0.22279335410176504,1.8545922116091111,0.5974558670820352,-1.486023692187728,1.2571363445270758,20.452746422826177,0
23205,2516,2152,364,-4.535492845786963,11.254841953186242,-4.528815580286168,-0.006677265500794914,0.8988076311605724,0.023136645962733127,-0.03794788273615701,1.1225155279503107,0.6641693811074918,0.06108452869889014,0.45834614684281894,23.212665502825445,0
23324,3036,2671,365,-2.2465415019762847,13.533313752203297,-2.328590250329381,0.08204874835309617,0.9303359683794467,0.11490384615384741,0.05911633109619796,1.235096153846154,0.7176174496644295,0.05578751505764945,0.5174787041817245,27.039129336638855,0
23418,3166,2802,364,-0.21471888818698673,13.235236301945813,-0.22157296272899557,0.006854074542008852,0.8455148452305749,0.02594637223974594,-0.0059009483667020746,1.111750788643533,0.6676501580611169,0.031847320606448015,0.444100630582416,26.401209649432907,0
23631,3286,2921,365,-1.8472611077297627,14.585408049157088,-1.8331101643335364,-0.014150943396226428,0.9223067559342665,-0.031227038941951335,-0.002077922077922345,1.1064658339456284,0.7921038961038961,-0.02914911686402899,0.3143619378417323,30.175299228277467,0
23711,2457,2092,365,-2.4386243386243387,12.448636565556601,-2.5284493284493283,0.08982498982498978,0.8722425722425722,0.09116719242902072,0.08839360807401064,0.9899053627760253,0.7467619848612279,0.0027735843550100725,0.24314337791479734,26.520770774858953,0
23724,2435,2070,365,0.11728952772073922,13.586798206405906,0.13429158110882958,-0.017002053388090337,0.8473100616016427,-0.02533470648815772,-0.011475409836064543,1.0381050463439754,0.7207650273224042,-0.013859296652093178,0.31734001902157116,28.649858245550952,0
23884,3258,2893,365,-1.54975445058318,15.521625398812143,-1.5486187845303867,-0.001135666052793162,1.3494475138121547,0.04769687964338587,-0.0355125523012525,1.8472511144130754,0.9990062761506275,0.08320943194463837,0.8482448382624479,32.76130884210654,0
23921,2366,2002,364,-2.537785291631445,13.050245103040828,-2.6073541842772614,0.0695688926458157,1.0225697379543532,0.11962077493816992,0.01691240242844927,1.2533388293487222,0.7797918473547268,0.10270837250972065,0.47354698199399536,27.8793997152172,0
23933,3287,2922,365,0.1574992394280499,14.456313316960216,-0.038728323699421946,0.19622756312747186,0.9487678734408275,0.2113152094048516,0.18556593977154812,1.1804555473916238,0.7850467289719626,0.025749269633303484,0.39540881841966125,30.069114240648233,0
23955,3170,2805,365,-0.21987381703470033,14.740653830107902,-0.13908517350157729,-0.08078864353312301,1.2649526813880128,-0.13489096573208847,-0.04395546129374317,1.6433021806853583,1.0073700954400848,-0.0909355044383453,0.6359320852452734,30.77727287280801,0
27595,3279,2914,365,5.440286672766088,12.149849766074135,5.827294906983837,-0.3870082342177493,0.8377554132357427,-0.5647318148420277,-0.2608967674661091,1.1501836884643646,0.6160583941605839,-0.3038350473759186,0.5341252943037806,25.67567195050439,0
28138,2379,2073,306,-2.112694409415721,11.82342041201307,-2.269525010508617,0.1568306010928962,0.8886506935687263,0.1351397121083835,0.17821368948247152,0.9127857747671465,0.8648580968280467,-0.043073977374088024,0.0479276779390998,25.891829199988813,0
28275,2813,2448,365,1.1789904017063633,14.003915429068487,1.1400284393885531,0.03896196231781016,0.9684322787060078,0.038775510204082764,0.03910579345088294,1.1848979591836735,0.8014483627204031,-0.0003302832468001782,0.38344959646327037,28.943909577002522,0
28434,2373,2009,364,-0.2237252423093131,12.288829334817065,-0.27117572692793934,0.047450484618626186,1.049220396123051,0.03759336099584942,0.05761986301369859,1.1919502074688797,0.9019691780821918,-0.020026502017849168,0.2899810293866879,26.302388997376376,0
28440,3287,2922,365,3.190812290842714,12.461951130063952,3.7487678734408276,-0.5579555825981137,1.0495892911469424,-0.7056576047024237,-0.4535825545171335,1.3300514327700221,0.8514018691588785,-0.2520750501852902,0.47864956361114364,25.970775121747774,0
28493,2431,2066,365,-1.8952694364459068,13.503717451871061,-1.8940353763883173,-0.001234060057589479,0.9354175236528177,-0.009838585703304759,0.008672566371682677,1.0544196771714067,0.7984070796460176,-0.018511152074987436,0.2560125975253891,28.70510768912858,0
28661,2531,2166,365,0.46629790596602133,13.310270265849304,0.45156064796523115,0.014737258000790187,0.8397076254444884,0.11093023255813961,-0.08525382755841981,0.9197674418604651,0.7564867042707494,0.19618406011655942,0.16328073758971573,28.493467572666944,0
28698,3254,2889,365,2.5893669330055316,14.130569296930664,2.5875537799631223,0.0018131530424093354,0.9972034419176398,-0.2229977957384257,0.16344426835710202,1.2072740631888317,0.8461701003697834,-0.3864420640955277,0.36110396281904833,29.828670153025435,0
29231,3188,2823,365,0.6255332496863236,14.292617933411822,0.6760351317440401,-0.05050188205771646,1.3348180677540777,-0.09009287925696619,-0.02352320675105446,1.6823529411764706,1.0979957805907175,-0.06656967250591173,0.5843571605857532,29.866225655627076,0
29263,3050,2686,364,0.7522950819672131,14.569597833209357,0.6171147540983607,0.13518032786885248,1.2774754098360657,0.20465666929755422,0.08581043185642123,1.644277821625888,1.0168255748738082,0.11884623744113298,0.6274522467520798,30.658808699511418,0
29282,3203,2838,365,0.21152044957852015,15.079316269905473,0.26802997190134253,-0.05650952232282238,1.3081486106774898,-0.11032357473035859,-0.01984251968503692,1.7457627118644068,1.00997375328084,-0.09048105504532167,0.7357889585835669,31.605207934189096,0
29570,2186,1821,365,2.122552607502287,13.30943503463491,2.8007776761207683,-0.6782250686184813,1.3680695333943278,-1.1701541850220263,-0.3287167449139279,1.8399779735682822,1.0327856025039124,-0.8414374401080984,0.8071923710643698,27.80721454516388,0
29612,3091,2727,364,1.9276285991588484,14.170402406940964,1.7539307667421544,0.17369783241669362,1.190197347136849,0.24753713838936697,0.12157836644591491,1.4602032838154808,0.9996136865342165,0.12595877194345206,0.46058959728126436,29.784965141223083,0
29698,3199,2834,365,0.6507033447952485,14.040577930309574,0.6685214129415442,-0.01781806814629572,1.3955611128477647,-0.02793338380014987,-0.0107028753993621,1.7753974261922787,1.128381256656017,-0.01723050840078777,0.6470161695362617,29.74664885308532,0
29838,3287,2922,365,3.5819896562214786,13.530880280935467,3.307088530574992,0.27490112564648617,1.512077882567691,0.4194709772226304,0.17274143302180534,1.794195444526084,1.3127206645898235,0.24672954420082505,0.4814747799362604,28.55722716739261,0
29866,2991,2698,293,2.950585088599131,13.99268318686322,2.730591775325978,0.2199933132731528,1.3476429287863592,0.264054927302098,0.18887621220764572,1.6167205169628434,1.1576155162578439,0.07517871509445229,0.4591050007049995,29.23905726173037,0
30710,3287,2922,365,1.3752053544265288,13.726619021504495,2.1135381807118954,-0.7383328262853665,1.3302403407362335,-0.9605437178545184,-0.5813084112149536,1.6562086700955179,1.0998961578400832,-0.37923530663956484,0.5563125122554347,29.476953298400424,0
30758,3287,2922,365,0.09628840888348038,15.314612925443932,-0.1433221782780651,0.23961058716154546,1.2851232126559176,0.5705363703159438,0.005763239875388848,1.6447465099191771,1.0309968847352025,0.564773130440555,0.6137496251839747,32.95357838424319,0
30823,3253,2888,365,0.26932062711343374,15.843342258216987,0.8160774669535814,-0.5467568398401476,1.3746080541039043,-0.9290227773695765,-0.2717758985200831,1.8246877296105806,1.050845665961945,-0.6572468788494934,0.7738420636486356,34.552531888355304,0
30925,3132,2767,365,0.985919540229885,14.453381363870536,0.9818007662835249,0.004118773946360171,1.167273307790549,0.03199404761904745,-0.016834451901564407,1.0994047619047618,1.2182885906040266,0.04882849952061186,-0.11888382869926484,31.20205070489412,0
30949,3174,2809,365,-0.2129489603024574,14.309179290767627,-0.2364209199747952,0.023471959672337762,1.3527095148078134,0.07223459539717503,-0.01247947454844045,1.5417223459539717,1.2133552271483308,0.08471406994561548,0.32836711880564096,30.955587737040645,0
31088,3286,2921,365,-3.036579427875837,12.89971910013294,-2.9887401095556907,-0.04783931832014609,0.9400486914181375,-0.07465099191770896,-0.028883116883116955,1.1917707567964733,0.7620779220779221,-0.04576787503459201,0.42969283471855113,27.885048796319815,0
31168,3187,2822,365,-1.708409162221525,11.86221211058253,-1.6647631000941325,-0.04364606212739254,1.1562911829306557,-0.11380880121395975,0.005831995719637106,1.4790591805766313,0.9286784376672017,-0.11964079693359686,0.5503807429094296,25.1522795740157,0
31369,3215,2850,365,-1.1166407465007777,14.512399476183667,-1.0674961119751167,-0.049144634525660966,1.4060964230171074,-0.1085218702865749,-0.007464266807835074,1.7638763197586729,1.1549497088406564,-0.10105760347873982,0.6089266109180165,31.149179643216428,0
31510,3285,2920,365,2.413302891933029,15.788360942465824,2.4304718417047186,-0.01716894977168948,0.9516590563165905,0.0042647058823490624,-0.03231168831169029,1.104264705882353,0.8438441558441558,0.03657639419403935,0.2604205500381971,34.15527143496345,0
31707,3038,2673,365,2.3629690585911782,14.901579694290103,2.368926925608953,-0.005957867017774846,1.2447992100065832,-0.008447488584474527,-0.004060324825983841,1.4627853881278539,1.0786542923433875,-0.004387163758490686,0.38413109578446636,32.43389911395935,0
31873,2931,2566,365,3.961685431593313,14.73650672543973,3.981712726032071,-0.02002729443875811,1.2632207437734562,-0.024006622516559162,-0.01723737666860181,1.5538079470198676,1.0594892629135229,-0.00676924584795735,0.4943186841063447,31.414551602449393,0
31915,3253,2888,365,5.134552720565632,12.91116868595123,5.17731324930833,-0.042760528742699075,1.1891484783276975,-0.06982116244411074,-0.0237571951857678,1.431520119225037,1.0189429618001047,-0.04606396725834294,0.4125771574249324,27.61801352391553,0
31960,3287,2922,365,5.549345908122909,11.668704550362861,5.609278977791299,-0.05993306966839067,1.1872832369942197,-0.3042615723732549,0.11272066458982444,1.4466568699485673,1.0039979231568017,-0.41698223696307934,0.44265894679176565,24.16744040238698,0
32061,3228,2864,364,1.7108736059479552,11.940500777920807,1.7573110285006197,-0.04643742255266414,1.2404275092936803,-0.08618618618618434,-0.018512658227846757,1.5084084084084086,1.052162447257384,-0.06767352795833759,0.45624596115102456,25.025867530225753,0
32098,3225,2860,365,1.1448682170542634,11.476459042282642,1.1811472868217054,-0.036279069767441864,1.3406511627906978,-0.05111940298507456,-0.025729442970821026,1.8618656716417912,0.970132625994695,-0.025389960014253532,0.8917330456470962,23.639417009053943,0
32389,2671,2306,365,-1.5289404717334332,11.659198887132561,-1.478547360539124,-0.050393111194309274,1.2581804567577686,-0.11332842415316513,0.01469916222391543,1.7748895434462446,0.7237623762376237,-0.12802758637708056,1.0511271672086209,24.8009454429677,0
32411,2446,2081,365,0.06647587898609975,9.015629941391405,0.06913327882256745,-0.002657399836467708,1.0849141455437448,-0.007648183556405286,0.0010714285714277239,1.4927342256214151,0.7802142857142856,-0.00871961212783301,0.7125199399071295,18.172291823357863,0
35121,3287,2922,365,5.7982963188317616,13.730420691346145,6.343626407058108,-0.5453300882263462,1.0261940979616673,-0.4928728875826591,-0.5823987538940827,1.1977957384276268,0.9049325025960541,0.08952586631142356,0.2928632358315727,29.30829221347331,0
36034,3242,2877,365,3.9300740283775446,14.11895705799482,3.96529919802591,-0.035225169648365195,1.3181369524984576,-0.06671709531013903,-0.013541666666665009,1.6240544629349472,1.1075000000000002,-0.05317542864347402,0.516554462934947,29.59440826543849,0
20891,3032,2667,365,-10.524406332453825,17.66405736078774,-10.541919525065962,0.017513192612137247,1.3770118733509236,0.01431999999999789,0.019753086419753263,1.7130399999999997,1.1413019079685747,-0.005433086419755373,0.571738092031425,38.38702610945072,1
21946,2952,2587,365,-11.73949864498645,17.01021952936346,-11.645223577235772,-0.09427506775067752,1.5297764227642274,-0.18766339869280912,-0.02812500000000004,1.7584150326797388,1.3678240740740744,-0.15953839869280909,0.3905909586056644,37.714610666863926,1
23472,3287,2922,365,-4.238971706723456,16.396344931796527,-4.2398843930635834,0.0009126863401278123,1.4245816854274416,0.020426157237327658,-0.01287642782969911,1.94121969140338,1.0595015576323987,0.03330258506702677,0.8817181337709812,34.644676538192584,1
23891,3061,2697,364,-4.167134923227703,17.057813590875913,-4.3544266579549165,0.1872917347272133,1.3186867036916041,0.32276295133437927,0.0907106883044202,1.7841444270015698,0.9868494683827644,0.23205226302995907,0.7972949586188054,36.627022826115265,1
24125,2754,2390,364,-9.173238925199708,20.34253744090477,-9.434785766158315,0.2615468409586057,0.9770152505446622,0.06947648624667124,0.39459127228027047,0.995829636202307,0.9639827904118008,-0.3251147860335992,0.03184684579050623,43.89812105352983,1
24266,3283,2918,365,-13.089308559244593,23.836716762928685,-13.100091379835515,0.010782820590922951,1.7707584526347855,0.02402358142962413,0.0014537902388367385,2.012969786293294,1.600103842159917,0.02256979119078739,0.41286594413337707,52.54330996551466,1
24343,2959,2596,363,-9.647144305508618,20.357174863282463,-9.633355863467386,-0.01378844204123012,1.247313281514025,-0.0769168684422965,0.0316860465116271,1.5071025020177562,1.0601744186046511,-0.1086029149539236,0.4469280834131051,45.30773393036286,1
24507,3234,2870,364,-6.60952380952381,19.443398279978826,-6.630457637600495,0.02093382807668526,1.5230364873222015,0.07074268567142283,-0.013992635455023716,2.06894223555889,1.140241977906365,0.08473532112644655,0.928700257652525,41.53342792986614,1
24641,2994,2630,364,-6.761556446225784,20.72197486440364,-6.959318637274549,0.19776219104876425,1.2134602538410153,0.29001597444090166,0.13145809414466392,1.5034345047923323,1.0050516647531573,0.15855788029623774,0.498382840039175,45.229015329406565,1
24688,3287,2922,365,-13.998478856099787,23.18854716310815,-13.941892303011866,-0.056586553087922084,1.6546394888956495,-0.12733284349742036,-0.006593977154725206,1.7844966936076416,1.5628764278296987,-0.12073886634269515,0.22162026577794292,51.34816834902806,1
24738,2961,2597,364,-5.319587977034785,19.447968905772925,-5.555690645052348,0.2361026680175616,1.5037149611617697,0.3340890688259144,0.1659907300115897,1.9693927125506074,1.1705098493626882,0.16809833881432468,0.7988828631879192,41.804203111183035,1
24817,3110,2745,365,-4.492958199356913,18.13673411637361,-4.452572347266881,-0.040385852090032155,1.7612218649517684,-0.08375000000000199,-0.010054644808743518,2.4415625000000003,1.2853551912568304,-0.07369535519125847,1.15620730874317,38.722376785016365,1
24908,3201,2836,365,-3.5458294283036556,17.667185213897163,-3.4894095595126524,-0.0564198687910028,1.774445485785692,-0.10123171670515774,-0.02581493165089377,2.4998460354118555,1.2790220820189273,-0.07541678505426397,1.2208239533929282,37.250915996117826,1
24944,3230,2866,364,-4.667089783281734,18.499673242483222,-4.6740866873065015,0.006996904024767771,1.2826625386996904,0.010727681920482013,0.004375329467579903,1.6287321830457617,1.0394833948339484,0.00635235245290211,0.5892487882118134,39.702719727282044,1
24951,3182,2817,365,-5.609648020113137,19.352102821743195,-5.610307982401006,0.0006599622878692472,1.298397234443746,0.0031660231660204374,-0.0010598834128234813,1.6434749034749037,1.0615792262851087,0.004225906578843919,0.581895677189795,42.14851890653358,1
24959,3284,2919,365,-7.016991473812424,21.352506017145455,-6.970584652862364,-0.046406820950060886,1.1257612667478685,-0.06179279941219207,-0.03551742069682895,1.2635562086700958,1.0282371294851793,-0.026275378715363118,0.23531907918491646,47.07979180548871,1
24966,3236,2897,339,-7.151514215080346,21.411425127506924,-7.15407911001236,0.0025648949320148293,1.601452410383189,0.017870722433460884,-0.007912545549192629,1.9416730038022816,1.368558042686101,0.025783267982653513,0.5731149611161805,47.000838516821034,1
25551,3156,2792,364,-5.877946768060836,16.3109577384014,-5.665779467680609,-0.21216730038022816,2.255766793409379,-0.41747418586179563,-0.07590933052187676,3.275933280381255,1.5787032156035847,-0.34156485533991887,1.6972300647776701,34.66092212930266,1
25563,3287,2922,365,-4.466534834195315,13.708264817055094,-4.905962884088835,0.43942804989351997,2.0291451171280803,0.30947832476120496,0.5312564901349952,2.7203526818515797,1.5407061266874351,-0.22177816537379025,1.1796465551641446,27.901120794488506,1
25703,3203,2839,364,-8.79625351233219,19.953552992575784,-8.748922884795505,-0.04733062753668436,1.8573837027786453,-0.08869365928189055,-0.018743400211194583,2.35362872421696,1.51441393875396,-0.06995025907069596,0.8392147854629999,43.88574050668713,1
30054,3104,2739,365,-2.84555412371134,17.431112780429974,-3.0404639175257735,0.19490979381443296,1.3524484536082475,0.2711372549019586,0.1417714598141071,1.8932549019607847,0.9754510661563696,0.1293657950878515,0.9178038358044152,36.80533178527426,1
30230,2985,2620,365,-2.2646566164154103,16.86289374375627,-2.5109547738693467,0.24629815745393635,1.5255611390284756,0.3661057692307743,0.1602187679907896,2.1497596153846152,1.0770869314910767,0.2058870012399847,1.0726726838935385,35.37522756652244,1
30252,3129,2764,365,-3.191307126877597,17.43886731435713,-3.206551613934164,0.015244487056567568,1.3258229466283158,0.04609375000000071,-0.006111411573822778,1.7650000000000001,1.0217955651703625,0.05220516157382349,0.7432044348296376,37.48842931530669,1
30372,3213,2848,365,-6.009554933084345,18.0787101959336,-6.034516028633676,0.024961095549330854,1.3987550575785872,0.06229260935143088,-0.0012718600953887105,1.7232277526395174,1.1707472178060412,0.0635644694468196,0.5524805348334763,39.49239118214632,1
30393,3215,2851,364,-5.823794712286158,17.477116247146597,-5.79293934681182,-0.03085536547433901,1.141772939346812,-0.06191198786039109,-0.009277807063783783,1.366919575113809,0.9853452820242488,-0.05263418079660731,0.38157429308956026,38.287597539969425,1
30521,3280,2915,365,-1.7619512195121951,16.369106826081953,-1.7342682926829267,-0.02768292682926828,1.385548780487805,-0.04801178203240397,-0.013319458896983605,1.70279823269514,1.1613943808532778,-0.034692323135420366,0.5414038518418622,35.0681828649594,1
30636,2944,2580,364,-2.5921535326086955,16.23303587972516,-2.6509171195652175,0.05876358695652177,1.3298233695652173,0.07471952131637849,0.04548848786558679,1.624008975317876,1.085065339141257,0.0292310334507917,0.5389436361766189,35.27122422812437,1
30673,3200,2835,365,-3.7245625,16.901160635241144,-3.7385,0.013937499999999966,1.3855624999999998,0.034332833583206934,-0.0006430868167193182,1.591454272863568,1.2383708467309755,0.03497592039992625,0.3530834261325926,36.75329213757803,1
30777,3205,2840,365,-1.7141653666146646,16.91703590759883,-1.7094539781591265,-0.004711388455538231,1.2477691107644306,0.016778025241279693,-0.020290635091496867,1.3633259094283594,1.1639935414424112,0.03706866033277656,0.19933236798594822,36.316647674837796,1
30965,3243,2878,365,-0.7858464384828863,16.596117333102107,-0.7979031760715387,0.01205673758865249,1.5143077397471476,0.0452522255192882,-0.011556728232188007,1.697032640949555,1.3843271767810028,0.05680895375147621,0.31270546416855227,35.6583665883787,1
31004,3153,2788,365,-4.561496986996511,16.60087115602763,-4.503425309229305,-0.05807167776720582,1.2898509356168728,-0.12222222222222356,-0.013301023155627867,1.5256172839506172,1.1253096392030157,-0.1089211990665957,0.4003076447476015,36.220639433368206,1
31253,3096,2759,337,-3.0655361757105943,17.820009924316253,-3.0461240310077518,-0.019412144702842367,1.0553940568475453,-0.03727486296006077,-0.006871907641562203,1.265935787000783,0.9075865860362837,-0.03040295531849857,0.3583492009644993,38.39835063242141,1
31329,3031,2666,365,-4.124414384691521,17.706373461746537,-4.296106895414055,0.1716925107225338,1.1064335202903333,0.23275996872556703,0.12711187214611996,1.333150899139953,0.9409246575342466,0.10564809657944707,0.3922262416057064,37.93791239287672,1
31388,2999,2645,354,-1.8018339446482161,18.036194984644563,-1.980493497832611,0.17865955318439478,1.2742914304768256,0.2806962025316473,0.10432276657060591,1.5944620253164559,1.0410374639769453,0.17637343596104138,0.5534245613395106,38.51142672367168,1
31416,3241,2876,365,-1.17790805307004,16.328504560368128,-1.1581610614008022,-0.01974699166923785,1.5034865782165996,-0.04626865671642122,-0.001052077853763933,1.892238805970149,1.2294581799053128,-0.045216578862657286,0.6627806260648361,34.48078787398653,1
31532,3241,2876,365,-2.245078679419932,18.3511793949792,-2.2258870718913917,-0.019191607528540575,1.425732798518976,-0.01875000000000071,-0.019504480759096054,1.7477678571428572,1.197575118608329,0.000754480759095344,0.5501927385345282,38.996908578172004,1
31594,3236,2871,365,0.6579728059332509,17.225305279699935,0.6932014833127317,-0.035228677379480856,1.3662546353522866,-0.04615384615384244,-0.02751713231417874,1.7061986557132187,1.126304691618345,-0.0186367138396637,0.5798939640948737,36.571292085090015,1
22217,3122,2757,365,1.8014413837283794,10.15031505476147,1.7428571428571429,0.05858424087123635,0.4016335682254965,0.13429687499999865,0.005971769815419137,0.5492968749999999,0.2990228013029316,0.1283251051845795,0.25027407369706833,21.049299687058273,2
22550,3224,2859,365,2.4833746898263027,10.6512918591944,2.5061724565756824,-0.022797766749379635,0.7731079404466501,0.04261572373254996,-0.07058507783145451,0.9191770756796473,0.6663982823403113,0.11320080156400447,0.25277879333933606,21.48973110543571,2
22583,2792,2427,365,0.7104226361031518,12.239433932817498,0.6359957020057306,0.07442693409742121,0.8201289398280803,0.09832915622389216,0.05648902821316781,1.0201336675020884,0.6700313479623825,0.04184012801072434,0.35010231953970594,24.244695829876598,2
22602,3148,2783,365,3.4716963151207114,10.256571721121256,3.436658195679797,0.035038119440914874,0.43224269377382474,0.033359746434231674,0.03616118769883414,0.5235340729001585,0.3711558854718982,-0.0028014412646024667,0.15237818742826031,20.88046650000137,2
22641,2720,2355,365,2.6402573529411764,10.333006667076678,2.6256617647058826,0.014595588235294115,0.7056985294117648,0.040501212611156134,-0.007012811867834756,0.7987873888439774,0.6280512474713419,0.04751402447899089,0.17073614137263549,21.20070707972967,2
22802,3287,2922,365,5.175083662914512,9.339815055364275,5.183297839975662,-0.008214177061149982,0.33824155765135383,0.00668626010286566,-0.018743509865005947,0.3665686994856723,0.3182242990654205,0.025429769967871607,0.04834440042025179,19.196531444322147,2
22820,3109,2744,365,4.6984560952074625,9.663862026944646,4.5670955291090385,0.13136056609842392,0.48549372788678025,0.06476562499999972,0.177966101694917,0.510078125,0.46828868234007653,-0.11320047669491728,0.041789442659923515,19.949711727257824,2
22837,3076,2711,365,5.082249674902471,10.559357747657192,4.6173602080624185,0.464889466840052,1.0557217165149544,0.19239302694136295,0.6544652701212819,1.0397781299524564,1.066813671444322,-0.4620722431799189,-0.02703554149186549,21.587663804491147,2
22887,3149,2785,364,3.410257224515719,11.315846950830846,3.407875516036837,0.0023817084788821793,0.7429342648459829,0.017507886435330633,-0.007814992025519274,0.8973186119873818,0.63886230728336,0.025322878460849907,0.2584563047040218,23.076744617358255,2
23405,3085,2720,365,-0.00914100486223663,12.300156882991132,-0.09406807131280387,0.08492706645056722,0.7749108589951378,0.1275807722616218,0.05512114537444912,0.984160756501182,0.6286894273127753,0.07245962688717267,0.3554713291884066,24.56854963658334,2
23804,3214,2849,365,2.2091785936527693,11.838983267801238,2.0653080273802114,0.1438705662725575,0.7568139390168015,0.07384276267450396,0.1953049109552083,0.9116091109478325,0.6431192660550459,-0.12146214828070434,0.2684898448927866,24.424256131853017,2
26063,3287,2922,365,6.643200486766048,9.226664657240086,7.132309096440523,-0.48910860967447517,0.6408579251597201,-0.43989713445995626,-0.5238836967808922,0.6171197648787656,0.657632398753894,0.08398656232093593,-0.04051263387512838,19.219912554837457,2
26258,3123,2758,365,7.130163304514889,9.156679449710566,7.094204290746077,0.035959013768812054,0.5276657060518732,0.05824175824175826,0.020605732828558487,0.5565149136577708,0.5077879935100054,0.03763602541319977,0.04872692014776547,18.774428199423728,2
26477,3218,2854,364,6.881541330018645,9.32992557353207,6.900093225605967,-0.018551895587321298,0.35403977625854566,-0.014851485148514865,-0.02110236220472217,0.33640517897943645,0.3661942257217847,0.006250877056207305,-0.02978904674234828,19.180094139029535,2
27037,3104,2739,365,4.332055412371134,10.778508660675902,4.275644329896907,0.056411082474226805,0.6544780927835051,0.08444096950742797,0.03676712328767273,0.7743549648162628,0.5704657534246574,0.047673846219755234,0.20388921139160532,22.027802967985885,2
27199,3268,2903,365,3.8790085679314568,11.689929581628554,3.891217870257038,-0.012209302325581387,0.6903610771113831,-0.0008875739644969016,-0.020198329853860386,0.8075443786982248,0.6076722338204594,0.019310755889363485,0.1998721448777654,24.387436254543413,2
27333,2125,1872,253,1.620235294117647,10.20469939660738,1.526729411764706,0.0935058823529412,0.6712941176470588,0.06202629543696769,0.1424278846153868,0.6918793503480278,0.6393028846153848,-0.08040158917841911,0.052576465732643074,22.48129931530231,2
27459,3287,2922,365,6.000669303316094,10.895819924270677,5.933799817462733,0.06686948585336173,0.8856099787039854,0.21822189566495176,-0.040083073727931406,1.0226304188096986,0.7887850467289719,0.25830496939288317,0.23384537208072675,22.641015945587448,2
27612,2450,2085,365,4.7009387755102034,10.111969867548645,4.690448979591837,0.010489795918367342,0.31008163265306127,0.04529411764705937,-0.03293577981651552,0.3010294117647059,0.3213761467889908,0.0782298974635749,-0.020346735024284912,21.291930386656194,2
27648,2038,1673,365,1.9100588812561334,10.578613390378697,1.8528949950932285,0.05716388616290481,0.6886653581943082,0.04390804597701248,0.08076398362892334,0.7162452107279693,0.6395634379263302,-0.036855937651910864,0.07668177280163913,23.495919713559353,2
27823,2001,1636,365,2.130234882558721,10.620687378639978,2.105697151424288,0.024537731134432795,0.675912043978011,0.02282608695652133,0.02762973352033704,0.7138198757763976,0.6074333800841514,-0.004803646563815711,0.10638649569224623,23.6186998659021,2
28064,3191,2826,365,1.8087433406455655,13.657439164541975,1.8019429645879035,0.006800376057662196,0.7584769664681918,0.035531419705197465,-0.0126708727655096,0.9221101629169899,0.6475814931650894,0.048202292470707064,0.2745286697519005,28.29113482627811,2
28224,2600,2279,321,0.43457692307692314,11.307322628749608,0.4021923076923077,0.032384615384615394,0.7973076923076923,0.006482861400892048,0.06001589825119247,0.8391207153502235,0.7527027027027028,-0.05353303685030042,0.08641801264752069,24.820976114168943,2
28722,3286,2921,365,4.746530736457699,12.559437444992161,4.702525867315885,0.04400486914181375,0.8953743152769323,-0.08016164584864072,0.13179220779220735,0.9912564290962527,0.8275844155844155,-0.21195385364084807,0.16367201351183713,26.441137759213788,2
28900,3202,2837,365,6.036289818863211,12.459979835777478,6.397751405371642,-0.36146158650843224,0.6496564647095565,-0.2678912564290963,-0.4306355241716453,0.6352681851579722,0.6602933188484519,0.16274426774254902,-0.02502513369047965,26.624380579362267,2
29430,1106,741,365,2.13128390596745,13.674598361233285,2.0930379746835444,0.038245931283905944,0.516003616636528,0.048898678414097674,0.030828220858897026,0.5682819383259912,0.47960122699386504,0.018070457555200647,0.08868071133212613,28.848326094595546,2
31909,2927,2562,365,4.61024940211821,10.950251209176248,4.5357704133925525,0.07447898872565768,1.0948411342671676,0.04589211618257227,0.09448315911730454,1.2593360995850622,0.979732868757259,-0.048591042934732265,0.27960323082780325,22.606971429487224,2
32165,3163,2798,365,5.530224470439456,7.495837987926898,5.582737907050269,-0.05251343661081251,0.8537780588049321,-0.11622239146991631,-0.007297297297297334,1.007920792079208,0.7443783783783783,-0.10892509417261897,0.26354241370082965,13.95111313118997,2
33008,2780,2415,365,10.171402877697842,8.79597818824905,10.253705035971223,-0.08230215827338132,0.42539568345323736,-0.20699904122722912,-0.007426597582037786,0.35081495685522535,0.4701784686240645,-0.19957244364519133,-0.11936351176883914,18.567539994201272,2
34123,3286,2921,365,8.456025562994522,10.820006776077093,8.459920876445526,-0.0038953134510042423,0.5832014607425441,0.013005143277002196,-0.01584415584415666,0.5950771491550332,0.5748051948051948,0.028849299121158856,0.020271954349838417,22.822265069912856,2
34163,2592,2317,275,4.219714506172839,12.16685145190388,4.128009259259259,0.09170524691358027,0.7377700617283951,0.009260642270351838,0.17980845969672998,0.7635548917102314,0.7102154828411812,-0.17054781742637815,0.0533394088690502,26.10077120539552,2
34172,2757,2393,364,7.222270583968081,12.39578754391466,7.324338048603555,-0.10206746463547334,0.7040986579615525,-0.15474999999999994,-0.061464354527938525,0.7122499999999999,0.6978163134232498,-0.09328564547206142,0.014433686576750149,26.46226891003315,2
34391,1980,1615,365,4.592575757575757,12.865817017620463,4.496414141414141,0.09616161616161617,0.84,0.02892561983471076,0.17833894500560987,0.8579430670339762,0.8180695847362514,-0.14941332517089911,0.039873482297724805,29.604190395235825,2
34824,1992,1627,365,8.674046184738955,9.286658884845028,8.706124497991967,-0.03207831325301207,0.5516566265060241,0.01684370257966572,-0.12774480712166536,0.5684370257966617,0.5188427299703264,0.14458850970133108,0.04959429582633523,21.395216939147943,2
34861,2841,2476,365,10.998204857444563,11.300549669492488,10.572474480816615,0.4257303766279479,0.7613868356212601,0.39569892473118284,0.4479779411764717,0.7459057071960298,0.7728553921568627,-0.05227901644528887,-0.026949684960832943,25.207840875088166,2
34880,2547,2182,365,9.552021986650962,11.462040172682036,9.599842952493129,-0.04782096584216724,0.5193561052218296,-0.04226190476190472,-0.054031587697426886,0.6147321428571428,0.41280133000831254,0.011769682935522163,0.2019308128488303,25.487134414764284,2
37031,2120,1755,365,9.125849056603773,9.311887683400567,9.117971698113207,0.007877358490566045,0.6013679245283019,0.018883792048930204,-0.009852216748768683,0.5968654434250765,0.6086206896551725,0.028736008797698886,-0.01175524623009594,20.271704287175318,2
37235,1700,1335,365,12.704941176470589,9.636156605332564,12.105294117647059,0.5996470588235294,0.776235294117647,0.31894273127753303,0.7872423945044176,0.6002936857562408,0.8938174681059862,-0.46829966322688454,-0.2935237823497454,21.92601253325309,2
37472,1779,1415,364,13.145868465430016,9.0537309095209,13.002641933670603,0.14322653175941538,0.4410342889263631,0.2060718711276328,0.09104938271605434,0.466542750929368,0.4198559670781893,0.11502248841157847,0.04668678385117869,20.011626814135848,2
25913,3287,2922,365,-3.843900212960146,14.17121390245174,-1.8770915728627928,-1.966808640097353,3.198813507757834,-4.917927994121973,0.1185877466251295,5.1730345334313,1.8037383177570094,-5.036515740747102,3.369296215674291,30.028199130126655,3
