station,rp5_mean,rp5_std,hydromet_mean,baseline_mae_train,baseline_bias_train,n_train,mae_base_mode_warm,mae_base_mode_cold,bias_base_mode_warm,bias_base_mode_cold,calib_mae_model,calib_mae_base,calib_bias_model,calib_gain_mean,n_calib,calib_gain_mode_warm,calib_gain_mode_cold,calib_mae_model_mode_warm,calib_mae_model_mode_cold,calib_mae_base_mode_warm,calib_mae_base_mode_cold,mae_year_mean,mae_year_std,mae_year_max,bias_year_std,years_count,cluster_id_v3
22113,1.028713210130048,10.249416462237667,1.8426078028747435,1.100479123887748,-0.8138945927446956,2922,0.6072429906542055,1.7983471074380166,-0.22605140186915887,-1.6456198347107438,0.7294804483234295,1.2580821917808218,0.0320559770308358,0.5286017434573924,365,0.04390249961854403,1.2155264996263564,0.4752563788861288,1.089771513618677,0.5191588785046729,2.305298013245033,1.100457556703346,0.2144777964350684,1.339178082191781,0.15077976795773468,8,0
22217,1.9295611171563294,10.004782614837586,1.9092491838955388,0.36692056583242655,0.020311933260790695,2757,0.2898034398034398,0.4781222320637732,0.004054054054054045,0.04375553587245346,0.7091852801600598,0.6638356164383561,0.3813051635714579,-0.04534966372170369,365,-0.0770296037854261,-0.0004522652207990857,0.44618848229009894,1.0819092188631831,0.3691588785046728,1.0814569536423841,0.36654126291584177,0.06748901847694551,0.43434065934065935,0.07334758470379792,8,0
22550,2.619412381951731,10.250644940586481,2.6532353969919553,0.7801678908709339,-0.033823015040223836,2859,0.6785930867192238,0.9185950413223141,-0.0904790782292298,0.043388429752066124,0.7021754140313715,0.7178082191780822,0.06687703070894187,0.01563280514671068,365,0.03217598804311874,-0.007812500415086163,0.5402539184989372,0.9316535600177352,0.572429906542056,0.9238410596026491,0.7805739148744627,0.20307997576771114,1.0013698630136987,0.03738859649698838,8,0
22583,0.8817058096415328,11.81273726279031,0.8320148331273176,0.8102183765966213,0.04969097651421509,2427,0.6614047791455467,1.0066921606118546,0.04547429398986244,0.055258126195028665,0.8936355948711631,0.8860273972602739,0.25934880974887525,-0.007608197610889117,365,-0.007203348265051264,-0.008181957610950712,0.7329042828444905,1.1214269907235335,0.7257009345794392,1.1132450331125827,0.8077799920930445,0.3465071195416396,1.237037037037037,0.0621790985018093,8,0
22602,3.6096658282429037,9.971381226385095,3.586633129716134,0.40794107078692055,0.02303269852676967,2783,0.37015550239234446,0.4648064806480648,0.03785885167464115,0.0007200720072007143,0.6404612347080486,0.6175342465753424,0.09503647133350787,-0.02292698813270623,365,-0.0339959837766103,-0.007239802253266028,0.41296794639343276,0.9628689413261136,0.3789719626168225,0.9556291390728475,0.4087242037873436,0.046351800628790435,0.47206349206349213,0.033438752733163074,8,0
22641,2.629766454352442,9.950069983733895,2.640339702760085,0.6736730360934182,-0.01057324840764332,2355,0.613317572892041,0.7441988950276243,-0.019148936170212766,-0.0005524861878453235,0.9137410873385172,0.9123287671232878,0.14584535052336453,-0.0014123202152294902,365,0.0031783669349241418,-0.007918327169751856,0.7122421938127396,1.199309055646573,0.7154205607476637,1.1913907284768213,0.6822839607360095,0.1867932290274983,0.9013452914798207,0.0326061897466636,8,0
22802,5.269130732375086,9.05417707034213,5.280116358658453,0.33521560574948667,-0.010985626283367562,2922,0.3216705607476636,0.3543801652892562,-0.01991822429906542,0.0016528925619834604,0.3906263436174199,0.3624657534246575,-0.03459139006709905,-0.028160590192762354,365,-0.029618350719319342,-0.02609462494320476,0.3202725563267959,0.49033303553923135,0.29065420560747657,0.46423841059602655,0.33522260273972604,0.04247857309579728,0.39616438356164374,0.018080534249639763,8,0
22820,4.827259475218659,9.30660079963502,4.6873542274052475,0.4888848396501458,0.1399052478134111,2744,0.47888544891640866,0.5031886625332153,0.19294117647058825,0.06403897254207264,0.4971314960958002,0.46,0.0003491808826180083,-0.037131496095800215,365,-0.04830515175344091,-0.02129598410417698,0.43662290876278675,0.5828853880776869,0.38831775700934584,0.5615894039735099,0.48545460800125534,0.10621619417836956,0.6352459016393442,0.09508776311729825,8,0
22837,5.202655846551088,10.199898358474561,4.72939874585024,1.0378458133530062,0.4732571007008484,2711,1.0628125,1.0018901890189018,0.6633125,0.19954995499549957,1.1155308777660335,1.1884931506849314,-0.039930855138354905,0.07296227291889791,365,0.1248842874776885,-0.0006225689061430495,0.9718446844849284,1.319165615263759,1.096728971962617,1.3185430463576158,1.04332303705859,0.24075888326551229,1.2483775811209439,0.1390634395883596,8,0
22887,3.521256732495512,10.993643369727145,3.531131059245961,0.7216876122082586,-0.009874326750448836,2785,0.6307738452309538,0.8572450805008944,-0.011217756448710262,-0.007871198568872986,0.9042884746628461,0.9054945054945056,0.049389690605624134,0.001206030831659422,364,0.006221042996137493,-0.005948719856329294,0.6956481158823672,1.2019487198563292,0.7018691588785048,1.196,0.7208838539472863,0.17087189769026814,0.880056179775281,0.01973459054577597,8,0
23205,-4.824814126394052,10.680686718120786,-4.8030669144981415,0.8735130111524163,-0.02174721189591077,2152,0.6396449704142012,1.0818980667838314,-0.026035502958579888,-0.017926186291739876,1.0531410184942804,1.0483516483516482,0.20102208238421257,-0.004789370142632138,364,-0.010545568431784145,0.003422806083224722,0.790919400207485,1.4272438605834419,0.7803738317757009,1.4306666666666665,0.89361380274572,0.22388785914093387,1.1512820512820512,0.06130075335285218,8,0
23324,-2.06948708348933,13.268678209309739,-2.1348558592287534,0.9084238113066267,0.06536877573942343,2671,0.7183608640406608,1.181130355515041,0.049999999999999975,0.08742023701002737,1.1195326635860903,1.0906849315068494,0.20405121931123657,-0.02884773207924087,365,-0.017547732492948,-0.044862301029351286,0.7296972652032283,1.6720146189101461,0.7121495327102804,1.6271523178807947,0.903961386443179,0.21939903445332828,1.1491573033707865,0.21872867049826225,8,0
23405,0.16099264705882355,12.015357821644143,0.10455882352941177,0.7545955882352942,0.056433823529411745,2720,0.6200374531835207,0.9474060822898033,0.03913857677902621,0.08121645796064397,0.9299614440235198,0.9263013698630136,0.30797653492346355,-0.0036600741605060847,365,-0.02116920096054729,0.021154185013062248,0.7146271448857809,1.2351372057154142,0.6934579439252336,1.2562913907284765,0.7529544667320465,0.17726509138070892,0.9159340659340659,0.17055709708345929,8,0
23418,-0.020128479657387566,12.96890583878956,-0.008529621698786585,0.8157387580299786,-0.011598857958600984,2802,0.6574228028503564,1.0542039355992845,-0.004809976247030875,-0.02182468694096598,1.0832323209960193,1.0747252747252747,0.21683153538602648,-0.008507046270744556,364,-0.0031454883299324027,-0.016156202266303227,0.7512763294514277,1.55682286893297,0.7481308411214953,1.5406666666666666,0.8144903589672128,0.18662222282016813,1.023287671232877,0.024586069016928908,8,0
23631,-1.6757959602875727,14.280231555507115,-1.6649092776446421,0.9198219787743924,-0.010886682642930514,2921,0.7801870251315021,1.1172727272727274,-0.007188778492109891,-0.01611570247933885,0.9345444544688608,0.9421917808219179,0.04286505402888691,0.0076473263530571324,365,0.02267275277697091,-0.0136469865920922,0.8647104247931224,1.0335145362609666,0.8873831775700934,1.0198675496688743,0.9198956793543309,0.17057828335889633,1.1153424657534248,0.019524539001751454,8,0
23711,-2.850908221797323,11.929525806808618,-2.9064053537284895,0.864961759082218,0.05549713193116631,2092,0.7272820512820513,0.9851387645478963,0.05733333333333333,0.053894359892569306,0.9343775507769778,0.9139726027397261,0.2913894106409742,-0.02040494803725168,365,-0.044937437717045545,0.014362951244045578,0.8804514564086343,1.0108026116698619,0.8355140186915888,1.0251655629139074,0.881613501243055,0.2240724067363634,1.0511945392491469,0.23263559884473367,8,0
23724,0.37584541062801935,13.02994566141231,0.44328502415458937,0.8078260869565218,-0.06743961352657002,2070,0.71248,0.9531707317073171,-0.010559999999999979,-0.1541463414634146,1.0641961768844916,1.0712328767123287,0.31646169851393724,0.007036699827837007,365,0.02428526349929288,-0.017408284448266018,0.7448736150053801,1.516746032792637,0.769158878504673,1.4993377483443708,0.855574377697465,0.17960784891257084,1.1351351351351353,0.1658532648673382,8,0
23804,2.274763074763075,11.527871017904122,2.1322569322569325,0.7663741663741664,0.14250614250614252,2849,0.6532031726662598,0.9196694214876032,0.2,0.06462809917355371,0.688470979119549,0.6821917808219179,0.059841817606508356,-0.006279198297631143,365,-0.01715816422311206,0.00913867394112989,0.5830460146904018,0.837881193608539,0.5658878504672898,0.847019867549669,0.7682297514784041,0.1938397037617033,0.9547945205479452,0.07074417959716954,8,0
23921,-3.076823176823177,12.514403986771812,-3.0623876123876124,0.9578921078921079,-0.01443556443556445,2002,0.7447284345047923,1.146190028222013,-0.02396166134185305,-0.006020696142991549,1.3684679090487306,1.3782967032967033,0.5239510929180711,0.009828794247972594,364,0.015858872136262664,0.001225883127345427,0.9177859876768213,2.0114407835393213,0.933644859813084,2.0126666666666666,0.9914508844589799,0.21880813786414108,1.1294117647058823,0.044709504702868864,8,0
23933,0.2621149897330595,14.244196114467195,0.06522929500342232,0.9452772073921971,0.1968856947296372,2922,0.7871495327102803,1.16900826446281,0.19404205607476638,0.20090909090909084,0.9629931958693985,0.9767123287671233,0.045121756409524524,0.013719132897724742,365,0.020347603524177697,0.004325141413877506,0.7478766955412428,1.2678602890496986,0.7682242990654204,1.272185430463576,0.9452785575267609,0.18126216141340057,1.1676712328767123,0.049602461574301794,8,0
26063,6.722039698836413,8.945475612933805,7.207426420260095,0.6443189596167009,-0.4853867214236824,2922,0.6632593457943925,0.6175206611570248,-0.5203855140186916,-0.4358677685950413,0.4983153562553941,0.6131506849315069,-0.07091407549707862,0.11483532867611275,365,0.12402535710031193,0.10181104998221457,0.48859146532959463,0.5120962347859973,0.6126168224299067,0.613907284768212,0.6443518414551987,0.10994988520464496,0.8427397260273972,0.1179022352853951,8,0
26258,7.242458303118202,9.002283153206927,7.180058013052936,0.5079405366207397,0.062400290065264714,2758,0.49639143730886853,0.5247551202137133,0.06715596330275232,0.05547640249332147,0.7406540934253191,0.6767123287671233,-0.2706765207315616,-0.06394176465819577,365,-0.08331909117133304,-0.03647985820911382,0.6781789042554452,0.8291950899971934,0.5948598130841122,0.7927152317880795,0.5147774327214281,0.0981417449589481,0.6976119402985075,0.22438431192564343,8,0
26477,6.950140154169587,9.180149246261992,6.968360196215838,0.350385423966363,-0.01822004204625086,2854,0.3704316972205795,0.321238177128117,-0.02377291543465401,-0.010146173688736038,0.4089021625107278,0.3826923076923077,-0.06273967911729811,-0.026209854818420007,364,-0.03577915643402765,-0.0125576511801531,0.36848943680785945,0.46655765118015313,0.33271028037383177,0.45400000000000007,0.35050039547004486,0.054828325721554876,0.42189349112426033,0.013327547318304335,8,0
27037,4.395618838992333,10.442267584699698,4.357247170500183,0.6539247900693684,0.038371668492150415,2739,0.5762259466170081,0.7648936170212766,0.02675356921166978,0.05496453900709219,0.6835474915898802,0.6586301369863014,0.09158679312063153,-0.02491735460357875,365,-0.03177202770238423,-0.015202784781430586,0.5588748314407019,0.8602358973642121,0.5271028037383177,0.8450331125827815,0.6529492702084388,0.15721679186099263,0.7961538461538462,0.1489354195348992,8,0
27199,3.925008611780916,11.41276149188725,3.932965897347571,0.674646916982432,-0.007957285566655177,2903,0.5974148061104583,0.7840965861781848,-0.01856639247943595,0.007077435470441303,0.8190370578323938,0.8153424657534246,-0.10047965876502941,-0.0036945920789690687,365,-0.006301664764161639,1.9967355550003403e-07,0.6955540012127598,0.9940395354257822,0.6892523364485982,0.9940397350993377,0.6749226274877118,0.13131969714953992,0.789010989010989,0.020264758874499682,8,0
27333,1.3555021367521367,9.78951825846188,1.3424145299145298,0.6178952991452992,0.013087606837606855,1872,0.544822695035461,0.6620394173093402,-0.011489361702127636,0.02793487574978579,1.0560528369878006,1.066403162055336,0.6214099129602906,0.010350325067535419,253,0.026681544942855562,-0.006110507663938059,1.1370979826161998,0.9743644759179064,1.1637795275590552,0.9682539682539683,0.6545640507991339,0.14794233363428716,0.7731543624161074,0.06807556432974295,8,0
27459,6.045927446954141,10.59894636260949,5.975154004106777,0.8765229295003422,0.07077344284736482,2922,0.7950934579439253,0.9917355371900827,-0.04591121495327102,0.2358677685950413,0.9469764613562378,0.9583561643835616,0.00854394603106002,0.011379703027323787,365,-0.01704995216481895,0.05167073753804263,0.7553677091741647,1.218527937958646,0.7383177570093458,1.2701986754966885,0.8765186391196946,0.1691336304646294,1.037260273972603,0.11144710063622604,8,0
27595,5.4222717913520935,11.887710186192423,5.814070006863418,0.8359986273164035,-0.3917982155113246,2914,0.6317488262910798,1.1236363636363635,-0.281631455399061,-0.5469421487603305,0.815571985471139,0.8517808219178081,0.07158018359129817,0.03620883644666928,365,-0.020988926906182193,0.11727056729110778,0.512110422233285,1.2456433399936604,0.49112149532710275,1.362913907284768,0.8361589305607714,0.21387303692118237,1.0854794520547946,0.16463284292568264,8,0
27612,4.35136690647482,9.790495621398742,4.355587529976019,0.3048441247002398,-0.004220623501199033,2085,0.3242009132420091,0.29081885856079404,-0.05114155251141552,0.029776674937965267,0.36750804138330795,0.33999999999999997,0.007631450035961662,-0.027508041383307903,365,-0.04202381795440602,-0.006936013660029776,0.35183690206655555,0.3897174706136722,0.30981308411214953,0.3827814569536424,0.31633862170250965,0.07848191694605572,0.41440922190201723,0.035612793730146426,8,0
27648,0.9839210998206813,9.831681454047752,0.9821876867901973,0.6334130304841602,0.0017334130304841615,1673,0.5454720616570328,0.6729636048526864,-0.04913294797687859,0.02461005199306758,0.9494916684638824,0.9419178082191781,0.2305815464624663,-0.00757386024470428,365,-0.012062903111974619,-0.0012119054526787674,0.879819912457769,1.0482317730023474,0.8677570093457945,1.047019867549669,0.6697065058310796,0.1618649354745702,0.7780645161290323,0.026976767697549475,8,0
27823,1.1701711491442544,9.971377519395135,1.1925427872860637,0.6443765281173595,-0.0223716381418093,1636,0.5406813627254509,0.6898856640281442,-0.06773547094188374,-0.0024626209322779484,0.8372264575336306,0.8172602739726026,0.18937936228591545,-0.019966183561027973,365,-0.03435109507403485,0.000420379775286414,0.7974352072235674,0.8936193553240513,0.7630841121495325,0.8940397350993378,0.6886885978227275,0.18231827702119624,0.9012269938650307,0.0409561824187038,8,0
28064,1.8769285208775655,13.425527866414793,1.8887473460721869,0.7392073602264685,-0.011818825194621341,2826,0.6334715639810427,0.8960456942003515,-0.017950236966824618,-0.0027240773286467132,0.9035190473479691,0.9076712328767124,0.10559916647973992,0.004152185528743267,365,0.015149641867017704,-0.011433613520201962,0.7437288628058796,1.1299766598778178,0.7588785046728972,1.118543046357616,0.7389265341633887,0.1535866251074595,0.916986301369863,0.013240070101200953,8,0
28138,-2.5836951278340567,11.4322076209486,-2.562566328991799,0.7487698986975398,-0.021128798842257598,2073,0.68544921875,0.8105815061963775,-0.032324218749999994,-0.010200190657769307,1.8104394286384085,1.8362745098039215,1.3223152957062956,0.025835081165513012,306,0.039670419340452116,0.007597589934911458,1.8810192358319617,1.7174024100650884,1.9206896551724137,1.7249999999999999,0.7679290535076064,0.1581397221950591,0.8731506849315068,0.04765945526111792,8,0
28224,0.08494953927161038,10.98663074879458,0.09306713470820537,0.7623080298376481,-0.008117595436594988,2279,0.6974001857010214,0.8204658901830282,-0.0268337975858867,0.008652246256239605,1.0380933154046512,1.0457943925233646,0.2534286019319778,0.007701077118713265,321,0.020093168443820086,-0.008320126665889127,1.061674787357285,1.0076058409516035,1.081767955801105,0.9992857142857143,0.7752356550842182,0.16281179309323254,0.892054794520548,0.023924329648940822,8,0
28275,1.106781045751634,13.846376581470594,1.0758169934640522,0.9535947712418301,0.030964052287581697,2448,0.7889374090247453,1.164245810055866,0.03362445414847163,0.027560521415270003,1.069600990749194,1.067945205479452,0.03223228488353476,-0.0016557852697418318,365,-0.0005816551096189061,-0.0031780624503133952,0.8823573560441984,1.334966141920512,0.8817757009345794,1.3317880794701986,0.9629429617411772,0.3296628564921826,1.5462500000000001,0.06423635665865847,8,0
28434,-0.8820308611249378,11.930299346080766,-0.8680935788949726,1.012941762070682,-0.013937282229965178,2009,0.8683438155136268,1.143696682464455,-0.03689727463312372,0.006824644549763021,1.2248748478725306,1.2494505494505492,0.30122090114388045,0.024575701578018742,364,0.0472397733140284,-0.0077583740986883675,1.0046293855644761,1.5390917074320216,1.0518691588785047,1.5313333333333332,1.0246894196309277,0.2527141488308197,1.3510548523206753,0.050267276813602865,8,0
28440,3.1308008213552365,12.27027715444079,3.7029089664613277,1.0736824093086927,-0.5721081451060918,2922,0.8537967289719627,1.384793388429752,-0.43755841121495326,-0.7624793388429753,0.7858545563579218,0.8567123287671232,0.12418870163953874,0.07085777240920152,365,0.1634980026493284,-0.060433679719190184,0.6687449880048772,0.9518244081960114,0.8322429906542056,0.8913907284768213,1.0736421139306835,0.29818064252259435,1.4415300546448089,0.2598985171359163,8,0
28493,-2.494917715392062,13.161762002121524,-2.4760406582768635,0.9230396902226524,-0.01887705711519846,2066,0.7830786026200873,1.0345217391304349,-0.017139737991266404,-0.020260869565217388,1.0428078231851456,1.0054794520547945,0.04920964783842177,-0.03732837113035105,365,-0.07074970639578425,0.010036964941190054,0.9347683979845692,1.1959232999594722,0.864018691588785,1.2059602649006622,0.9557628222626722,0.21417966706092587,1.1778301886792453,0.058759569814646126,8,0
28661,-0.08024007386888277,12.997052681977117,-0.08227146814404432,0.8384118190212373,0.002031394275161563,2166,0.7545277507302823,0.9140474100087795,-0.07351509250243432,0.07014925373134327,0.8395503878587064,0.8473972602739724,0.032244881531734,0.007846872415266062,365,0.005008866019964827,0.011868947703971126,0.7608789844473248,0.951044959580797,0.7658878504672898,0.9629139072847681,0.8562898413233859,0.1667965324998822,1.0391509433962263,0.04069154353376057,8,0
28698,2.5938733125649014,13.992831335873186,2.5831083419868466,1.0089650398061614,0.010764970578054674,2889,0.8687313877307921,1.2035537190082644,0.18642048838594402,-0.23297520661157028,0.928423358850972,0.9041095890410958,-0.11227296653713975,-0.024313769809876182,365,-0.04884954336029693,0.01045878343376647,0.7180084218649697,1.2266273092814655,0.6691588785046728,1.2370860927152318,1.0103178456020354,0.21946895413683498,1.2115068493150687,0.2785505177523786,8,0
28722,4.632557343375557,12.40700660691596,4.621739130434783,0.8953098254022596,0.010818212940773704,2921,0.8147866744593806,1.0091735537190083,0.10981881940385742,-0.1291735537190083,0.8579169238867693,0.895890410958904,0.19340308252662214,0.0379734870721347,365,0.05913302346640515,0.007985799731910338,0.8707735185896694,0.8396963194733876,0.9299065420560745,0.8476821192052979,0.8954117902364871,0.1576484372836683,1.0942307692307693,0.15556041981514454,8,0
28900,5.931970391258371,12.216498045726468,6.2959111737751146,0.6492421572083187,-0.36394078251674306,2837,0.6679164105716042,0.6241322314049588,-0.4412415488629379,-0.26,0.570740885598432,0.6528767123287672,-0.024239801209394347,0.08213582673033525,365,0.10369082253739662,0.0515876869772814,0.49864562606073426,0.6729156242809967,0.6023364485981308,0.724503311258278,0.6467323232038042,0.12152834217949934,0.7479338842975206,0.07870140549180812,8,0
29430,2.598110661268556,13.327843104980666,2.555465587044534,0.4585695006747639,0.04264507422402157,741,0.4445205479452055,0.4788778877887789,0.05456621004566204,0.02541254125412544,0.6394915215885314,0.6326027397260273,-0.003555405997242243,-0.006888781862504064,365,-0.02482079371044827,0.01852479784252945,0.5762226628693268,0.7291573213627685,0.5514018691588785,0.7476821192052979,0.3803124186833203,0.330141601214101,0.5931693989071039,0.0314170480101758,3,0
31088,-2.9458062307428965,12.807142312840305,-2.9129750085587127,0.9325915782266346,-0.03283122218418351,2921,0.7578609000584454,1.1796694214876033,-0.020163646990064298,-0.05074380165289258,0.9821070150979906,0.9997260273972602,-0.07367854569782666,0.01761901229926966,365,0.016064030174331893,0.019822761800837096,0.7797303623490326,1.2689189600534676,0.7957943925233644,1.2887417218543047,0.9326789678152524,0.1630349542593826,1.0832417582417582,0.05505297567258328,8,0
31510,2.40527397260274,15.734584496933326,2.4245547945205477,0.9425,-0.01928082191780819,2920,0.8443600233781414,1.0813895781637717,-0.03360607831677373,0.000992555831265456,1.000485804224744,1.0249315068493152,-0.02665563855001273,0.02444570262457105,365,0.030554827800342636,0.01578773714367623,0.8091647983678817,1.27162948139937,0.8397196261682243,1.2874172185430464,0.9424657673059031,0.18658613531108775,1.0961643835616437,0.033341701026184854,8,0
31909,4.565846994535519,10.829231804013673,4.471233411397345,1.0661202185792351,0.09461358313817332,2562,0.9626657824933688,1.2141366223908918,0.10762599469496024,0.07599620493358634,1.2766423069634747,1.2964383561643835,-0.19292141549798736,0.01979604920090897,365,0.02676859328121537,0.009914430438090628,1.0732314067187845,1.5649200066480022,1.1,1.5748344370860927,1.0653772549331912,0.21317333908514233,1.2210958904109588,0.11743320245131089,8,0
31915,5.127596952908587,12.819851014023964,5.162430747922437,1.1891274238227145,-0.03483379501385044,2888,1.0299351797289333,1.4159529806884972,-0.021449616971125535,-0.05390428211586904,1.1478647060787994,1.1893150684931508,-0.133715217919663,0.041450362414351266,365,0.04769488467473676,0.03260050967446719,0.8840808162598427,1.5217041260871225,0.9317757009345795,1.5543046357615895,1.1889243286822504,0.2100007752960891,1.3202739726027397,0.05686530603838632,8,0
32165,5.497355253752681,7.488853841936299,5.548391708363116,0.8552537526804861,-0.05103645461043602,2798,0.7426650366748166,1.0137693631669535,-0.023594132029339847,-0.08967297762478485,0.8404615175417762,0.8424657534246576,-0.04217920703876427,0.002004235882881369,365,-0.006643741799596813,0.014260310214340514,0.7641203773136155,0.9486535970704277,0.7574766355140187,0.9629139072847682,0.8548199348835891,0.16211066083196363,0.9774725274725276,0.07692546541528887,8,0
32411,0.06434406535319556,9.093311529996218,0.07823161941374339,1.0552138395002404,-0.013887554060547817,2081,0.7670320404721754,1.4370949720670392,0.005649241146711631,-0.039776536312849164,1.2455884422981243,1.2542465753424656,0.10749403006862847,0.008658133044341345,365,-0.007225181912746547,0.03116826152657186,0.8604962099501298,1.791348294764819,0.8532710280373832,1.8225165562913908,1.0933337357135087,0.16801545853824953,1.3036036036036036,0.05240773586553799,8,0
33008,10.360745341614907,8.652949142113373,10.481656314699793,0.4260869565217391,-0.12091097308488616,2415,0.46520026263952724,0.359304932735426,-0.05364412344057784,-0.23576233183856501,0.43446078193150706,0.4208219178082191,0.2500802362878003,-0.013638864123288016,365,-0.014635478030829381,-0.012226444413262502,0.5202429546663433,0.31288869606889164,0.5056074766355139,0.30066225165562915,0.4274914280552891,0.025663548112714398,0.47410071942446047,0.1952320861632174,8,0
34123,8.455083875385142,10.71224761542259,8.46114344402602,0.5768230058199246,-0.0060595686408764044,2921,0.570426651081239,0.5858677685950414,-0.013909994155464633,0.0050413223140495945,0.6326403670859434,0.6342465753424658,-0.042214592134847836,0.0016062082565223839,365,-0.0010624814587079318,0.005388324806583891,0.6108755655708574,0.6634858473788465,0.6098130841121495,0.6688741721854304,0.5768362924036066,0.12308238774615947,0.7082191780821918,0.025813639870432486,8,0
34163,4.128182995252482,11.974663264497433,4.109279240397066,0.6796719896417781,0.01890375485541649,2317,0.6167857142857144,0.7385129490392648,0.03392857142857146,0.004845446950710083,1.172438205425543,1.2272727272727273,0.6170354658529501,0.054834521847184396,275,0.11489862264309049,-0.0014226993208121506,1.3820938585599172,0.9760705866447559,1.4969924812030075,0.9746478873239437,0.7069083184834111,0.2114668856584152,0.9391691394658753,0.04534744451680271,8,0
34172,7.137567906393649,12.290980743113975,7.206268282490597,0.6541579607187631,-0.06870037609694944,2393,0.6699925539836187,0.633904761904762,-0.01236038719285182,-0.14076190476190478,1.024975661962398,1.0324175824175823,-0.3213612997285883,0.007441920455184448,364,-0.020396078085074182,0.04715746503928676,0.89282598462713,1.2135092016273799,0.8724299065420559,1.2606666666666666,0.6925269295638341,0.19300789548935215,0.9785714285714285,0.13244984690027667,8,0
34391,3.495046439628483,12.358702274730867,3.481857585139319,0.8226006191950465,0.013188854489164096,1615,0.8104874446085673,0.8313432835820896,0.04387001477104877,-0.00895522388059702,0.8894372664867224,0.9169863013698628,0.3055823795855274,0.027549034883140564,365,0.03596128732919095,0.01562703472781087,0.806094787437164,1.007551773219209,0.8420560747663549,1.0231788079470199,0.8347291600909927,0.3301526304918365,1.3101796407185629,0.09079074907355006,8,0
34824,7.82519975414874,9.00430288045125,7.850706822372465,0.51180086047941,-0.025507068223724682,1627,0.4282608695652175,0.5447300771208226,-0.08130434782608706,-0.003513281919451591,0.7278754942719059,0.7293150684931506,-0.11240346469217909,0.0014395742212447832,365,-0.004691768320610256,0.010129026565330733,0.7182431701897691,0.741526602573742,0.7135514018691588,0.7516556291390728,0.5518098364301186,0.14742457651107965,0.7103030303030303,0.015543976044468676,8,0
34861,10.957956381260097,11.247563386127926,10.508885298869144,0.7887318255250404,0.44907108239095317,2476,0.8121297602256701,0.7573724007561436,0.48660084626234135,0.39877126654064277,0.5582542270299506,0.575890410958904,-0.15482676967570227,0.01763618392895345,365,-0.03289276794399895,0.08924675148399858,0.5455095903739055,0.5763161624232862,0.5126168224299065,0.6655629139072847,0.7898275120536022,0.25121258199320834,1.276986301369863,0.22318992938257143,7,0
34880,9.075022914757104,11.32177382174801,9.131209899175069,0.5270394133822182,-0.056186984417965144,2182,0.4215369059656218,0.6145012573344509,-0.06359959555106162,-0.05004191114836546,0.47977932151215635,0.4734246575342466,-0.024707593401536772,-0.006354663977909761,365,-0.013185278460966558,0.0033258095278793413,0.38561518500302266,0.6132304818628491,0.3724299065420561,0.6165562913907284,0.5743686281767841,0.1768334869693923,0.8268292682926829,0.041564377756907946,8,0
35121,5.687748117727583,13.598841521115071,6.245311430527036,1.0309377138945928,-0.5575633127994525,2922,0.8994742990654206,1.2169421487603307,-0.5645443925233645,-0.5476859504132232,0.9525793244476647,0.9882191780821917,0.06994441116930386,0.0356398536345271,365,0.16970700350041698,-0.15436259716878706,0.7788911273407044,1.1987334580959395,0.9485981308411215,1.0443708609271525,1.0308967737106072,0.2484266547766429,1.2442622950819673,0.2189842703256242,8,0
37031,8.497435897435897,9.087329961411049,8.507749287749288,0.5583475783475783,-0.0103133903133903,1755,0.5105351170568562,0.5830596369922213,-0.04364548494983274,0.0069144338807260175,0.8045297071796982,0.8082191780821918,0.024625303955901758,0.003689470902493565,365,-0.0024950772358505037,0.012454327204517609,0.8852053576096822,0.690194679417999,0.8827102803738318,0.7026490066225165,0.5918036314043363,0.13890282478248175,0.800657894736842,0.04362661295607546,8,0
37235,12.79438202247191,9.452318907681347,12.212209737827715,0.7466666666666666,0.5821722846441948,1335,0.8658385093167702,0.5656603773584906,0.7518012422360248,0.32452830188679244,0.5759374579093227,0.8843835616438357,0.09377164162185093,0.30844610373451287,365,0.4854696463619437,0.05756505656716051,0.5135957741988039,0.664289248068601,0.9990654205607475,0.7218543046357616,0.7085435029387515,0.410991048969903,1.018348623853211,0.38366375963774124,5,0
37472,13.004452296819787,9.016842716921735,12.837667844522967,0.39533568904593636,0.1667844522968198,1415,0.38073878627968333,0.4121765601217656,0.1195250659630607,0.2213089802130898,0.6419858347624541,0.6186813186813187,-0.2019814468920231,-0.02330451608113542,364,-0.028725604559773705,-0.015570429851611459,0.5871368195130447,0.720237096518278,0.5584112149532711,0.7046666666666667,0.4417576720989882,0.14389288430777067,0.5892857142857143,0.09899428488460471,8,0
25913,-3.7472963723477073,14.165393694305386,-1.7714236824093088,3.230287474332649,-1.9758726899383983,2922,1.8052570093457943,5.246528925619835,0.13820093457943927,-4.96702479338843,1.31388204457519,2.946849315068493,0.3106526811859787,1.6329672704933034,365,0.7830470238385774,2.8374900041629147,1.0085417612081515,1.7466159561019858,1.791588785046729,4.584105960264901,3.2303122426828357,0.5270884258808868,3.756164383561644,0.5892059979659121,8,1
20674,-8.415679561793906,12.464288190448112,-8.496234166381376,0.994145840465594,0.08055460458747003,2921,0.7263434579439252,1.373366418527709,0.05683411214953271,0.11414392059553345,0.9630600433115375,0.7863013698630137,0.7646595388898395,-0.1767586734485238,365,-0.19522189448639823,-0.15059225422928457,0.800362081402286,1.1936386118451785,0.6051401869158879,1.0430463576158941,0.994148148056749,0.24281329915363997,1.2334246575342465,0.15139214638472898,8,2
20891,-10.41758530183727,17.477586174100885,-10.436782902137233,1.3789276340457441,0.019197600299962536,2667,1.1462372448979592,1.710919017288444,0.02034438775510203,0.017561419472247593,1.370653063887762,1.3630136986301369,0.03652057872412168,-0.00763936525762515,365,-0.02007315708939028,0.00998203508673073,1.125213344005278,1.7184947861053221,1.105140186915888,1.728476821192053,1.3921734965600971,0.25365023046894886,1.604,0.03838890437514483,8,2
21946,-11.685195206803247,16.8537492641852,-11.624197912640124,1.5221492075763434,-0.060997294163123314,2587,1.3608982826948481,1.7496738117427773,-0.01466314398943197,-0.12637465051258157,1.5356564989428303,1.5838356164383562,-0.19496466324422262,0.04817911749552579,365,0.06067181364154426,0.03047423686474462,1.3561506162649979,1.7900555644597587,1.416822429906542,1.8205298013245035,1.5396230543992324,0.25296071708049045,1.893305439330544,0.19248827153652287,8,2
21982,-7.593340732519422,10.128851948574708,-7.4984831668516465,1.3368109507954125,-0.09485756566777653,2703,1.0008849557522124,1.8108831400535237,-0.03286978508217445,-0.18233719892952718,1.171415219541754,1.2167123287671233,0.06132606180671799,0.04529710922536945,365,0.006591877822490108,0.10015088088243024,0.9630342904018091,1.466736536336113,0.9696261682242991,1.566887417218543,1.337240893293594,0.12396246003197801,1.5170289855072463,0.2381917835606566,8,2
23472,-3.971286789869952,16.196768721001078,-3.9714236824093088,1.4145790554414783,0.0001368925393566447,2922,1.0553738317757009,1.9228099173553719,-0.017056074766355137,0.02446280991735546,1.4870590664464214,1.5046575342465756,0.11791430493752947,0.017598467800153894,365,0.01752828274196378,0.01769793536606571,1.0749950817440175,2.071043786488239,1.0925233644859813,2.0887417218543045,1.4145586308855453,0.25673196476577176,1.6208219178082193,0.02254289602271207,8,2
23884,-1.3774974075354303,15.403579377381096,-1.364880746629796,1.3334600760456272,-0.012616660905634325,2893,0.9968197879858657,1.8117991631799162,-0.02791519434628976,0.009121338912133818,1.4640786394415017,1.476164383561644,0.18573428412204068,0.01208574412014233,365,0.015343460157866144,0.007468848543500635,1.0010116800290496,2.1203457209929235,1.016355140186916,2.127814569536424,1.3336661582040155,0.25838710938279225,1.5576923076923077,0.02751854060896605,8,2
23891,-4.073637374860957,16.924466246282925,-4.195513533555802,1.3002966258806081,0.1218761586948461,2697,0.9691671964399237,1.7637010676156581,0.07406230133502861,0.18879003558718854,1.4210743591626263,1.454945054945055,0.6092755949889069,0.033870695782428774,364,0.04727037239212666,0.014753823819259791,1.0695520575144155,1.9225795095140734,1.1168224299065421,1.9373333333333331,1.2958139641861606,0.2378845333612153,1.5065753424657533,0.37293596735354906,8,2
23955,-0.033654188948306595,14.529451901400922,0.0503030303030303,1.2537254901960784,-0.08395721925133691,2805,0.9995813397129186,1.6287731685789937,-0.042882775119617224,-0.14457193292144752,1.3355723534043469,1.3512328767123287,0.02353772547365532,0.01566052330798174,365,0.030112769624131834,-0.004821468159939587,1.0381115294412888,1.7571393489546414,1.0682242990654205,1.7523178807947017,1.2537106744502162,0.26056698119685223,1.5232876712328767,0.13349696817298132,8,2
24125,-8.971464435146443,20.12218509857373,-9.235899581589958,1.0268619246861923,0.2644351464435147,2390,1.0126591230551625,1.0474385245901638,0.41195190947666194,0.0507172131147542,0.7031823321377935,0.6497252747252745,0.05326901281163425,-0.05345705741251897,364,-0.059418813968645685,-0.045047427303545544,0.7002638843911809,0.7072990829326843,0.6408450704225352,0.6622516556291387,1.0353948479004744,0.2889164010276725,1.440495867768595,0.2550176013508024,8,2
24266,-13.093111720356408,23.698822973608774,-13.105586017820425,1.741809458533242,0.012474297464016463,2918,1.5910046728971963,1.9558872305140964,0.005023364485981295,0.023051409618573854,1.9632654119104351,2.002191780821918,-0.018833042422232903,0.038926368911482705,365,0.03392635853286557,0.046012476335483145,1.6389708377288168,2.4228616958499476,1.6728971962616823,2.4688741721854304,1.7418639840260408,0.20179565737626992,1.976164383561644,0.04419821006507942,8,2
24343,-9.611787365177197,20.00993721632821,-9.594298921417565,1.231895223420647,-0.017488443759630184,2596,1.0555039787798408,1.4763786764705882,0.027917771883289155,-0.08042279411764708,1.3221921991060355,1.3575757575757577,0.0603844464592269,0.03538355846972224,363,0.04612972822143551,0.020296220805065213,1.047266498193659,1.7081806003869884,1.0933962264150945,1.7284768211920534,1.2473574871711752,0.22644873213131608,1.482914572864322,0.06984107863965902,8,2
24507,-6.411393728222997,19.154651713549125,-6.39581881533101,1.5021951219512195,-0.015574912891986007,2870,1.1337285121517486,2.027641589180051,-0.015649081209247136,-0.015469146238376945,1.6552543815619465,1.6873626373626376,0.39566913438439744,0.03210825580069094,364,0.041908172577188076,0.01812704119955503,1.149680612469541,2.3765396254671116,1.191588785046729,2.3946666666666667,1.5034830862984823,0.26456835345372215,1.7273972602739727,0.03486157465434885,8,2
24641,-6.79212927756654,20.514619257986045,-6.921254752851712,1.1987072243346006,0.1291254752851711,2630,0.9988219895287959,1.4758620689655173,0.09908376963350787,0.1707803992740472,1.306665310362267,1.320054945054945,0.5804291396525915,0.013389634692678105,364,-0.0017282181058218382,0.03495777135187135,1.0512609283861956,1.6710422286481288,1.0495327102803738,1.706,1.1988827703316427,0.14762628910796846,1.342265193370166,0.3886547107681907,8,2
24688,-14.003935660506503,23.066190608223692,-13.959548254620124,1.6259069130732373,-0.04438740588637915,2922,1.5267523364485982,1.7661983471074378,-0.006542056074766355,-0.09793388429752056,1.8111809704256283,1.8846575342465757,-0.11197846719076585,0.0734765638209472,365,0.12305544568356307,0.0032124531017432584,1.7288137131949415,1.9279133747128268,1.8518691588785048,1.93112582781457,1.6259143648476682,0.28613537008282397,1.8832876712328765,0.0773732566553942,8,2
24738,-5.377319984597612,19.236422924462154,-5.529765113592607,1.5111667308432808,0.1524451289949942,2597,1.179100529100529,1.973917050691244,0.13955026455026454,0.17041474654377883,1.4428181500427406,1.4505494505494505,0.674295231501142,0.007731300506710127,364,0.029471867329388834,-0.023285241493644828,1.0803412167827608,1.9599519081603118,1.1098130841121496,1.936666666666667,1.5088899294242686,0.24309176387204137,1.6936813186813187,0.43319581982339245,8,2
24817,-4.32127504553734,17.81989745925084,-4.269508196721311,1.7671766848816028,-0.05176684881602913,2745,1.2759282178217823,2.470327723649247,-0.012561881188118832,-0.10788308237378204,1.6983357431855026,1.7164383561643837,0.13852718754461005,0.01810261297888085,365,0.05670318894173135,-0.036602839047940386,1.299838867133035,2.2630929052731057,1.356542056074766,2.2264900662251654,1.7625528943876625,0.2566165774157454,1.9531506849315068,0.11852227803098728,8,2
24908,-3.3499647390691116,17.470736732435327,-3.2769746121297603,1.7590267983074754,-0.0729901269393512,2836,1.2679502369668247,2.48109756097561,-0.0308649289099526,-0.1349303135888502,1.8568031375435476,1.894246575342466,0.20613603761815152,0.037443437798918296,365,0.06981941149461247,-0.008440392471800612,1.2965357286923036,2.650824498432066,1.366355140186916,2.6423841059602653,1.7585291813802497,0.34307754266581736,1.9835616438356165,0.1298149222654265,8,2
24944,-4.647069085833915,18.255675924178433,-4.642498255408234,1.2797278436845778,-0.0045708304256804186,2866,1.0401069518716577,1.6206255283178361,-0.0018419489007724151,-0.008453085376162389,1.2895753010987192,1.3057692307692308,0.10435745218630549,0.0161939296705116,364,0.048130982207291034,-0.029369598615293726,0.9864484570450455,1.7220362652819605,1.0345794392523364,1.6926666666666668,1.2802795592261007,0.18320343554022114,1.4183561643835618,0.026231917963533285,8,2
24951,-5.602697905573304,19.172871047289544,-5.565424210152645,1.262761803336883,-0.037273695420660294,2817,1.0523610280932456,1.5704545454545453,-0.0032277346084877605,-0.08706293706293707,1.5471342788179314,1.5734246575342465,0.32978437568501195,0.026290378716314927,365,0.039153049554279735,0.008061163091649564,1.0944918102588042,2.188627578630205,1.133644859813084,2.196688741721854,1.2636473522997234,0.16629331990297175,1.398904109589041,0.08818860069298456,8,2
24959,-6.974648852346694,21.107945614518737,-6.944364508393285,1.1137375813634807,-0.03028434395340869,2919,1.0271503803393798,1.2360330578512397,-0.02738443534230546,-0.034380165289256144,1.190015797184538,1.2219178082191782,-0.1366559909194172,0.03190201103464027,365,0.02184689748666696,0.046152304407264685,1.0150689903638002,1.437953655857636,1.0369158878504672,1.4841059602649007,1.1138247737056444,0.11487037080487898,1.2176795580110498,0.04035159521890939,8,2
24966,-7.398550224370037,21.333655565230252,-7.397583707283396,1.5737659647911633,-0.0009665170866413518,2897,1.3581626682270334,1.8839225589225588,-0.015272088940901105,0.019612794612794606,1.794408271330715,1.8380530973451328,0.005923003920080488,0.043644826014417666,339,0.0626457634489579,0.011926725729988286,1.3897127271170797,2.469963038049539,1.4523584905660376,2.4818897637795274,1.574867720206936,0.20879376506782926,1.7527624309392265,0.030036079598147202,8,2
25551,-5.502829512893983,16.160858221696863,-5.336210601719198,2.272707736389685,-0.16661891117478508,2792,1.5824717765894238,3.3201983769161405,-0.06304218657159834,-0.3238052299368801,2.08811308431118,2.125824175824176,-0.14649141444703112,0.037711091512995815,364,0.043397753256499284,0.029598120758930858,1.5056676673042484,2.9190685459077357,1.5490654205607477,2.9486666666666665,2.2617175763211876,0.19208858507282794,2.4377049180327868,0.27079817258095057,8,2
25563,-4.114065708418891,13.650551375618466,-4.568001368925394,1.9815195071868583,0.4539356605065024,2922,1.5162383177570093,2.6398347107438016,0.5620327102803738,0.3009917355371901,2.2789591053708724,2.4104109589041096,0.18757755957378006,0.13145185353323713,365,0.16019506789243426,0.09071643715662667,1.5762535302384069,3.274846476750658,1.736448598130841,3.3655629139072847,1.9814553858821768,0.09233926317252289,2.121311475409836,0.18343148930387337,8,2
25703,-8.66780556533991,19.888732396295563,-8.600986262768581,1.8246917928848188,-0.06681930257132795,2839,1.5089880952380952,2.2823123382226056,-0.019464285714285733,-0.13546160483175151,2.060973079179946,2.1123626373626374,0.2876682376283718,0.05138955818269156,364,0.06364301014909193,0.03390796671062702,1.4933663356453004,2.8707586999560397,1.5570093457943925,2.904666666666667,1.8258817240750143,0.2925317383774034,2.152876712328767,0.11481353807067358,8,2
29231,0.7710591569252567,14.164368526924191,0.8264612114771519,1.3263195182430039,-0.05540205455189517,2823,1.096076099881094,1.6657318141980717,-0.02865636147443518,-0.09482909728308508,1.3744928603922335,1.4005479452054794,0.054267731630610085,0.0260550848132459,365,0.0405931114758774,0.005451523847662177,1.0724910006736552,1.8024954960198876,1.1130841121495327,1.8079470198675496,1.327004732868727,0.3118305131520357,1.5983516483516484,0.10109389322321291,8,2
29263,0.7686522710349962,14.528724781258076,0.6629188384214445,1.2871928518242741,0.10573343261355177,2686,1.0132568514977693,1.6719785138764547,0.08158062460165713,0.13965980304386755,1.1929101664032133,1.2057692307692307,0.31158328125420265,0.012859064366017303,364,0.0409479464412989,-0.027214407394717775,1.0020427077643086,1.4652144073947178,1.0429906542056073,1.4380000000000002,1.287020360223746,0.28036259906070937,1.5443835616438357,0.3929581101926491,8,2
29282,0.3875968992248062,15.005883271226788,0.4392177589852008,1.309478505990134,-0.05162085976039466,2838,1.0065641632170312,1.7560592850915433,-0.022057953873447694,-0.0952048823016565,1.2877349807391556,1.2978082191780824,-0.015677034730181068,0.01007323843892673,365,0.02747044007959736,-0.0145823983233482,1.00944544777087,1.6821320671975204,1.0369158878504674,1.6675496688741722,1.3088595526036417,0.26840749674294734,1.4983561643835617,0.09419346600045754,8,2
29570,2.34497528830313,13.142068316232033,2.995881383855025,1.3573311367380558,-0.6509060955518945,1821,1.0695488721804511,1.7618229854689564,-0.3492481203007519,-1.074900924702774,1.244606285599405,1.4216438356164383,-0.20223502973783514,0.17703755001703353,365,-0.006999563972387363,0.43785836057157707,0.8569995639723874,1.7939297188986216,0.85,2.2317880794701987,1.1859989992662678,0.5846810800590531,1.744931506849315,0.4905025729963414,7,2
29612,1.864943160982765,14.10978972268586,1.769123579024569,1.209057572423909,0.0958195819581958,2727,1.0252190237797247,1.4692648361381753,0.07515644555694619,0.12506643046944194,1.0169355006190097,1.048901098901099,0.662941862570877,0.03196559828208922,364,0.042566444683223216,0.01684172408313803,0.7658447702700478,1.375158275916862,0.8084112149532711,1.392,1.2053947386213357,0.24702317059548365,1.5068493150684932,0.307049443101052,8,2
29698,0.6881439661256176,14.095594433531854,0.7094565984474241,1.3858151023288638,-0.021312632321806635,2834,1.1286057692307692,1.7516239316239317,-0.01093750000000002,-0.03606837606837605,1.4381379920608452,1.4712328767123288,0.042342296552027814,0.03309488465148344,365,0.04563620623460076,0.015321091149582071,1.0809993077840907,1.9442815578570405,1.1266355140186917,1.9596026490066223,1.3868611222292437,0.1648797684136771,1.5208219178082192,0.03992969996316836,8,2
29838,3.607837097878166,13.468473217410354,3.333196440793977,1.5111225188227242,0.2746406570841889,2922,1.3048481308411215,1.80297520661157,0.15776869158878506,0.44,1.4670680620173655,1.5197260273972601,0.028423117933067673,0.05265796537989467,365,0.11619299671353737,-0.037385059159175095,1.2595079378659018,1.7612261187618239,1.375700934579439,1.723841059602649,1.5111605471966465,0.3468556061433817,1.853972602739726,0.13998993803798732,8,2
29866,2.802594514455152,14.07391713180275,2.6893995552260934,1.3326167531504818,0.11319495922905858,2698,1.1445079365079365,1.5964381121994657,0.0897777777777778,0.14603739982190558,1.4200430467000882,1.4860068259385666,1.0923885248487804,0.06596377923847856,293,0.07605438024051522,0.05034528377445657,1.1975411253774624,1.7644373249211955,1.2735955056179775,1.8147826086956522,1.3350000213359887,0.27833048955223144,1.498901098901099,0.381464304449261,8,2
30054,-2.7926980649872215,17.241691385320202,-2.9288061336254105,1.3897772909821102,0.13610806863818906,2739,1.0048916408668729,1.9427935943060497,0.09752321981424145,0.19154804270462625,1.075850256477317,1.0723287671232877,0.547408832922986,-0.003521489354029024,365,0.022041412486442365,-0.03974970785641894,0.7312296155509408,1.5642530191146975,0.7532710280373831,1.5245033112582784,1.3894703042694272,0.28006605429005077,1.600824175824176,0.3374008412590448,8,2
30230,-2.2590076335877862,16.770091213378063,-2.4303435114503817,1.5648473282442747,0.1713358778625954,2620,1.1092580433355221,2.1973564266180494,0.1273801707156927,0.23236098450319054,1.2273612982695858,1.2435616438356165,0.6456748767909339,0.01620034556603061,365,0.023093508643687935,0.00643122703213215,0.8250373324778074,1.797542282901643,0.8481308411214953,1.803973509933775,1.5563580435186304,0.24028548775658004,1.792876712328767,0.5067276374721135,8,2
30252,-3.1720332850940665,17.371730712017445,-3.143270622286541,1.285492040520984,-0.028762662807525357,2764,1.0168195718654434,1.6745792736935343,-0.010458715596330284,-0.05527015057573079,1.6223442844186005,1.6312328767123287,0.41229389535805394,0.00888859229372839,365,0.037766426705829276,-0.03203761011812321,1.0220466574063203,2.47309721276713,1.0598130841121496,2.441059602649007,1.2846153928690969,0.1727485887673563,1.4994535519125685,0.08256179766452576,8,2
30372,-6.012219101123595,17.992169146770483,-6.002773876404495,1.3655547752808987,-0.009445224719101104,2848,1.1818290496114765,1.6271489361702127,-0.014704124327555291,-0.0019574468085105903,1.6247655574340143,1.6578082191780823,0.3216853824406479,0.033042661744067836,365,0.04964642670325435,0.009511498159525355,1.034465722829456,2.4613494289927926,1.0841121495327102,2.470860927152318,1.368036374833794,0.19102434139856708,1.5871257485029941,0.02596715505665336,8,2
30393,-5.746790599789547,17.303161034949635,-5.717362329007366,1.1287618379515958,-0.029428270782181683,2851,0.9770647653000595,1.347345890410959,-0.009982174688057024,-0.05744863013698631,1.193464668246068,1.2436813186813185,0.026079624819129357,0.05021665043525068,364,0.039494143012110274,0.06551409435893099,1.0109731467075158,1.453819238974402,1.050467289719626,1.5193333333333332,1.128059593047346,0.15401421521669556,1.2895890410958906,0.05779999484100345,8,2
30521,-1.7084734133790738,16.37899998777132,-1.6824699828473413,1.3831903945111492,-0.026003430531732413,2915,1.1570843091334895,1.7031483015741506,-0.013524590163934445,-0.043661971830985864,1.3680024730262017,1.4043835616438356,0.029326824830647334,0.036381088617634096,365,0.05474302843561237,0.010358207021294018,1.1410513640877522,1.689641792978706,1.1957943925233645,1.7,1.3833418444831176,0.1753857633244894,1.604109589041096,0.027181980812184092,8,2
30636,-2.8903875968992248,16.303925902975354,-2.884418604651163,1.2945736434108528,-0.005968992248061993,2580,1.07035175879397,1.5577085088458298,-0.011486001435750185,0.0005054759898905331,1.5524945900126252,1.5796703296703296,0.5338025618514051,0.027175739657704395,364,0.04776453855958828,-0.0021976134423166106,1.1330765829357388,2.150864280108983,1.180841121495327,2.1486666666666663,1.320899082208225,0.24858230106910698,1.6823104693140793,0.029831652696041856,8,2
30673,-3.749276895943563,16.882351698654936,-3.7448324514991183,1.3635978835978837,-0.00444444444444448,2835,1.241222760290557,1.534488588334742,-0.0073244552058111725,-0.00042265426880815326,1.509112578959217,1.5561643835616439,0.19942235246390003,0.047051804602426826,365,0.06825281729656228,0.017005336280936856,1.1481023228903535,2.020743008089924,1.216355140186916,2.037748344370861,1.364412209666218,0.18287945871260491,1.5598901098901101,0.020923372381855106,8,2
30710,1.4277549623545516,13.793167203750945,2.1703285420944556,1.3413415468856948,-0.7425735797399042,2922,1.1244742990654204,1.6481818181818182,-0.5870911214953272,-0.9625619834710745,1.0449567473665429,1.2413698630136987,0.057317363420176064,0.19641311564715586,365,0.17237200952928178,0.23048461703275216,0.7308990185081015,1.4900451842917513,0.9032710280373832,1.7205298013245034,1.3413493712104199,0.1552383327775374,1.5599999999999998,0.11779309159699401,8,2
30758,0.0339835728952772,15.412990153364815,-0.16444216290212182,1.328062970568104,0.19842573579739903,2922,1.079964953271028,1.6790909090909092,-0.027978971962616835,0.5187603305785123,0.9602702436577976,0.9413698630136987,0.3739991958084363,-0.018900380644098942,365,-0.013732307176617001,-0.02622467019404024,0.6529846436252151,1.3957610940351,0.6392523364485981,1.3695364238410594,1.3281531177483346,0.26034835255131955,1.5665753424657534,0.2634156352320345,8,2
30777,-1.7510211267605633,16.96240977000652,-1.7415845070422538,1.2428169014084507,-0.009436619718309868,2840,1.1880778588807785,1.3180602006688964,-0.017761557177615555,0.0020066889632106596,1.261310422546039,1.286301369863014,0.07367628552223715,0.024990947316974817,365,0.046856173105259365,-0.005996856118077458,0.932115789511563,1.7278511607538392,0.9789719626168224,1.721854304635762,1.2450446496649525,0.17738913090646538,1.432934131736527,0.014032581781858905,8,2
30823,0.25536703601108035,16.001213116581685,0.813954293628809,1.3952216066481995,-0.5585872576177285,2888,1.0787246722288437,1.8341322314049588,-0.2670441001191895,-0.9628925619834712,1.1028624014574906,1.2115068493150685,0.10343531504254272,0.10864444785757782,365,0.048795254431908644,0.19346383456680433,0.7834477362222969,1.5555427879497519,0.8322429906542056,1.7490066225165564,1.3975395936274335,0.2040638206119781,1.6290410958904111,0.1611906105868468,8,2
30925,0.9216118539934948,14.612133148347022,0.9239248283339356,1.161474521142031,-0.002312974340440901,2767,1.2465057179161372,1.049287510477787,-0.026937738246505704,0.03017602682313496,1.1763245049334603,1.2112328767123288,0.07591759923207644,0.03490837177886845,365,0.045562020251005184,0.01980982361305877,0.9651856433003967,1.4755544147975372,1.0107476635514019,1.495364238410596,1.1647878316224536,0.11404133329425176,1.2936813186813185,0.014193488964750207,8,2
30949,-0.3639017443930224,14.451803183523495,-0.35368458526165897,1.3461374154503383,-0.010217159131363457,2809,1.2360818350898946,1.4945652173913044,-0.019218846869187803,0.0019230769230769037,1.3648571389484896,1.4032876712328766,0.2848442999181683,0.03843053228438717,365,0.05768310115542089,0.011145434679081098,0.9843729736109342,1.9040863534003891,1.042056074766355,1.91523178807947,1.3500320411892308,0.1810803518925352,1.5184848484848483,0.012003601420527922,8,2
30965,-0.8454134815844336,16.681595619574303,-0.8433981931897151,1.5051424600416956,-0.002015288394718563,2878,1.4019631171921474,1.6500417710944026,-0.014931588340273654,0.016123642439431905,1.5318129252007051,1.5865753424657534,0.12784037491051514,0.05476241726504823,365,0.07375847026575189,0.0278408587077596,1.1720359222576127,2.0416955651333,1.2457943925233645,2.0695364238410594,1.505042662544609,0.262269080002737,1.7298630136986302,0.018544338099860547,8,2
31004,-4.474641319942611,16.332822247753786,-4.430523672883788,1.2974175035868007,-0.04411764705882351,2788,1.1232501521606817,1.5473362445414847,-0.012842361533779677,-0.08899563318777287,1.1966915333301007,1.2320547945205478,-0.08698238256610671,0.0353632611904472,365,0.029826600201510615,0.043209919810529504,1.111294895125592,1.317717232507351,1.1411214953271027,1.3609271523178805,1.2979993471073605,0.15779947936867714,1.487123287671233,0.09260574718713853,8,2
31168,-1.6410347271438697,11.656445808344722,-1.6157689581856838,1.1431254429482636,-0.0252657689581857,2822,0.9143202416918429,1.4676092544987147,0.0037462235649546754,-0.06640959725792633,1.220701669205924,1.2580821917808218,-0.12721444238474824,0.037380522574897726,365,0.042963458659675706,0.02946828203090775,0.9967561675085486,1.5380813868432641,1.0397196261682242,1.567549668874172,1.1447622272630622,0.21179866750255213,1.2982905982905983,0.05521702628337217,8,2
31253,-3.332294309532439,17.892152465847666,-3.3158753171438926,1.044110184849583,-0.01641899238854658,2759,0.9024299065420561,1.241161178509532,-0.007601246105919001,-0.028682842287694993,1.1304314525046963,1.1477744807121661,-0.014729793991365548,0.01734302820746974,337,0.01942589472207912,0.01371917914953146,0.9268357875209113,1.4846548045903056,0.9462616822429906,1.4983739837398373,1.0426743977580295,0.1973860180262795,1.1884615384615385,0.04053911185272943,8,2
31329,-4.257164291072768,17.60807110861007,-4.362790697674419,1.1131282820705175,0.10562640660165042,2666,0.9570221066319895,1.3259751773049644,0.08719115734720417,0.13076241134751776,1.0248404065602736,1.0575342465753426,0.5403953740876312,0.032693840015068844,365,0.04137760155925924,0.02038705213124933,0.783856043300554,1.366367914756168,0.8252336448598132,1.3867549668874173,1.1056448177059723,0.19008770727513355,1.2401098901098901,0.3137754265141833,8,2
31369,-1.156,14.394725039072794,-1.1230526315789473,1.4057192982456141,-0.032947368421052635,2850,1.1507462686567165,1.7691914893617022,-0.002805970149253768,-0.07591489361702124,1.3763756589502836,1.409041095890411,-0.16569172858764508,0.03266543694012736,365,0.04475484983190446,0.015532096815357156,1.1430956174578153,1.7069844594760335,1.1878504672897197,1.7225165562913904,1.4054057723802784,0.24591536496358365,1.6476712328767122,0.06951384300431016,8,2
31388,-1.89289224952741,18.023520168493835,-1.98351606805293,1.2772400756143667,0.09062381852551984,2645,1.0636422976501305,1.5712488769092543,0.06298955613577023,0.12866127583108714,1.2214218338297702,1.2522598870056498,0.7175613229027503,0.030838053175879548,354,0.05429707756839467,-0.0006995756431970733,0.8161462721852999,1.766262489550482,0.8704433497536945,1.7655629139072848,1.2663502809162386,0.2568122775682588,1.523901098901099,0.3211614028721842,8,2
31416,-1.2372392211404728,16.232551747532437,-1.2202712100139081,1.4794853963838666,-0.01696801112656463,2876,1.2208061647895674,1.8465096719932717,0.000770598695909951,-0.04213624894869635,1.6582007177232538,1.6926027397260273,-0.06826395588522703,0.03440202200277361,365,0.04406011321098566,0.02071439605206251,1.2536034381908834,2.2316034847426396,1.297663551401869,2.252317880794702,1.4793646542825538,0.26746922465786804,1.793370165745856,0.03174398627177283,8,2
31532,-2.330180806675939,18.30746676186696,-2.3066759388038944,1.409596662030598,-0.023504867872044498,2876,1.2062388591800357,1.6964794635373008,-0.01883541295305997,-0.030092204526404057,1.5268745575345133,1.5528767123287672,0.021577586702083797,0.026002154794253714,365,0.044420450869251366,-0.00010059593455090011,1.0850188014671973,2.153080728384882,1.1294392523364487,2.1529801324503315,1.4086996739383122,0.08492102028819282,1.5057534246575344,0.031756702983698815,8,2
31594,0.5968303726924417,17.133853861233767,0.6235458028561477,1.3493207941483805,-0.02671543016370604,2871,1.1251336898395723,1.666919191919192,-0.030897207367795623,-0.020791245791245798,1.4567136771914115,1.4994520547945205,-0.14165007396802076,0.04273837760310899,365,0.053275367138835496,0.027805160645191958,1.0822386515527533,1.9874266274342782,1.1355140186915889,2.0152317880794697,1.3496236277071472,0.25356026702772966,1.5054945054945055,0.03785090851371278,8,2
31707,2.216573138795361,14.778092802353834,2.234904601571268,1.2464646464646465,-0.018331462775907217,2673,1.0941721854304636,1.444196044711952,-0.011125827814569528,-0.027687016337059327,1.1900796558679885,1.2326027397260273,0.039776205264082896,0.0425230838580389,365,0.03315483480126153,0.055799940137180336,0.9360040437034114,1.5501603247634819,0.969158878504673,1.6059602649006623,1.2508873875213915,0.2690337601044026,1.4228021978021976,0.030768975817548866,8,2
31873,3.904988308651598,14.636722704223462,3.914419329696025,1.253078721745908,-0.009431021044427125,2566,1.0591782637508282,1.5298959318826868,-0.017428760768720977,0.0019867549668873725,1.2815584639248387,1.3345205479452056,-0.1615682531420895,0.05296208402036677,365,0.07471903134088431,0.02212773483764655,0.9869632116497699,1.699064318142486,1.0616822429906543,1.7211920529801323,1.2506562882004566,0.2391522402460598,1.4221311475409837,0.06373174985822612,8,2
31960,5.507118412046543,11.527434669692534,5.530527036276523,1.1660506502395618,-0.023408624229979483,2922,1.0036214953271028,1.3958677685950414,0.11810747663551399,-0.22363636363636366,1.3204050069294027,1.3572602739726027,-0.3781699548048694,0.036855267043199975,365,0.009627771998699105,0.07544257790096942,0.9973815737956934,1.7781998062049909,1.0070093457943925,1.8536423841059602,1.1660591174489108,0.25706317764273995,1.5430136986301368,0.165131028485093,8,2
32061,1.6446229050279328,11.86440708584655,1.6765363128491622,1.2369413407821228,-0.03191340782122902,2864,1.0535077288941737,1.497969543147208,-0.017241379310344765,-0.052791878172588846,1.243434539077174,1.2678571428571428,-0.160823768155731,0.024422603779968764,364,0.02251175089867644,0.027148753890612488,1.0190770341480526,1.563517912776054,1.041588785046729,1.5906666666666667,1.237221074545893,0.21559494935667503,1.3826923076923077,0.05673214477690974,8,2
32098,1.09993006993007,11.39122254312228,1.1362587412587413,1.31493006993007,-0.03632867132867133,2860,0.958886894075404,1.8153069806560136,-0.026870137642130466,-0.0496215306980656,1.503452255847443,1.5421917808219177,0.00151787528806453,0.03873952497447497,365,0.023406433126732514,0.06046986706332851,1.0345374921069124,2.1680069541287246,1.0579439252336449,2.228476821192053,1.3159991867294323,0.25262453192499734,1.5667582417582417,0.04809987248888826,8,2
32389,-1.9136600173460536,11.561133926279371,-1.8748482220294882,1.292237640936687,-0.038811795316565506,2306,0.7548680618744313,1.7815244407622206,-0.008007279344858984,-0.06685998342999173,1.0653097063222619,1.043013698630137,-0.07767773396310028,-0.02229600769212493,365,-0.042358586985822407,0.006137051704241032,0.6063772785746075,1.7157172529315203,0.564018691588785,1.7218543046357615,1.3696015060321542,0.39578926355119476,1.8125560538116592,0.07607186407696118,8,2
36034,3.9466805700382346,14.117542288867778,3.9928397636426833,1.297393117831074,-0.046159193604449075,2877,1.097772567409144,1.5882152006831767,-0.016998827667057473,-0.08864218616567032,1.4611832748827756,1.4816438356164385,0.07641612762059022,0.02046056073366295,365,0.05554143970029292,-0.029256711444209993,1.1295052892716697,1.9312434664110973,1.1850467289719626,1.9019867549668874,1.298794237163209,0.28328908342242015,1.5710601719197705,0.056263690431079934,8,2
30555,-25.783333333333335,7.445234506308893,-25.783333333333335,0.0,0.0,90,0.0,0.0,0.0,0.0,9.41511880706361,9.524581005586592,9.41511880706361,0.10946219852298249,179,0.1614154546296666,0.008962457201855838,8.931804884353385,10.350053936240768,9.09322033898305,10.359016393442623,0.0,0.0,0.0,0.0,1,3
27947,4.80939226519337,12.486929618415935,4.80939226519337,0.0,0.0,181,0.0,0.0,0.0,0.0,1.0508675875243323,1.0553516819571864,-0.16136524380022368,0.00448409443285414,327,0.01052829230271673,-0.006962439586177668,0.9642380628374702,1.214927041356089,0.9747663551401868,1.2079646017699115,0.0,0.0,0.0,0.0,1,4
28411,-2.923841059602649,11.163563998468542,-2.923841059602649,0.0,0.0,151,0.0,0.0,0.0,0.0,1.0065290686409545,0.9865443425076453,-0.26196813729822366,-0.01998472613330918,327,-0.032645644905550435,0.0039925890636786825,0.9354493832233076,1.141140154299153,0.9028037383177571,1.145132743362832,0.0,0.0,0.0,0.0,1,4
34009,5.99060773480663,11.600482277606003,5.99060773480663,0.0,0.0,181,0.0,0.0,0.0,0.0,1.0097182559479947,0.9467889908256881,-0.4528262823631072,-0.0629292651223067,327,-0.09423494847903732,-0.0036423957564629002,0.9521788737126822,1.1186866435440734,0.8579439252336449,1.1150442477876106,0.0,0.0,0.0,0.0,1,4
34139,6.318232044198894,11.848377721643807,6.318232044198894,0.0,0.0,181,0.0,0.0,0.0,0.0,1.089800137543645,1.2016759776536314,0.7999235186184753,0.11187584010998634,179,0.12071262167577275,0.0947817380646946,0.9089483952733799,1.439644491443502,1.0296610169491527,1.5344262295081967,0.0,0.0,0.0,0.0,1,4
34646,9.352486187845304,10.693573194840877,9.352486187845304,0.0,0.0,181,0.0,0.0,0.0,0.0,0.840782175084935,0.8348623853211009,-0.02406377263127933,-0.005919789763833967,327,-0.018323801561458953,0.017570993640517778,0.7940247361408983,0.9293316612267388,0.7757009345794392,0.9469026548672567,0.0,0.0,0.0,0.0,1,4
37099,13.39668508287293,6.32537131586831,13.39668508287293,0.0,0.0,181,0.0,0.0,0.0,0.0,0.9594979646256683,0.8184357541899442,-0.7544432383280393,-0.14106221043572412,179,-0.14473478530170553,-0.13395788528513713,0.8303280056406886,1.2093677213507108,0.6855932203389831,1.0754098360655737,0.0,0.0,0.0,0.0,1,4
