station,n,baseline_mae,xgb_delta_cluster_v3_mae,gain,alpha,base_eps,adaptive_eps
25913,365,2.946849315068493,1.4785773940547688,1.468271921013724,0.49825144214392836,0.005,0.006959844978024748
22113,365,1.258082191780822,0.7514472686424086,0.5066349231384134,0.40270415275592525,0.005,0.012141387165932348
37235,365,0.8843835616438357,0.5841544123886995,0.3002291492551362,0.33947843704499603,0.005,0.006959844978024748
30710,365,1.2413698630136987,1.0611630754912758,0.18020678752242292,0.14516768361439938,0.005,0.006959844978024748
29570,365,1.4216438356164383,1.248559721763922,0.17308411385251632,0.12174928031637784,0.005,0.011840101012688169
25563,365,2.4104109589041096,2.2375854253423184,0.1728255335617912,0.07169961326443941,0.005,0.006959844978024748
26063,365,0.6131506849315069,0.49984762317223524,0.11330306175927168,0.18478828213643503,0.005,0.024512599395984387
34139,179,1.2016759776536314,1.089800137543645,0.11187584010998641,0.0930998390501514,0.005,0.006959844978024748
30555,179,9.524581005586592,9.41511880706361,0.10946219852298178,0.011492599880118328,0.005,0.006959844978024748
24688,365,1.8846575342465757,1.789597439562953,0.09506009468362264,0.05043892216822541,0.005,0.006959844978024748
30823,365,1.2115068493150685,1.1260371516576064,0.08546969765746204,0.0705482579036039,0.005,0.009624747101784448
28900,365,0.6528767123287671,0.5744335313575113,0.0784431809712558,0.1201500673709961,0.005,0.026959844978024748
29866,293,1.4860068259385668,1.4147541042601648,0.07125272167840202,0.04794912138670599,0.005,0.006959844978024748
22837,365,1.1884931506849314,1.1175116183435903,0.07098153234134119,0.059723972578583535,0.005,0.006959844978024748
30965,365,1.5865753424657534,1.516152942288246,0.07042240017750734,0.04438642041925432,0.005,0.006959844978024748
31707,365,1.232602739726027,1.162266771803444,0.07033596792258301,0.05706296575181775,0.005,0.006959844978024748
28440,365,0.8567123287671234,0.7889489568601529,0.06776337190697057,0.0790969963097034,0.005,0.022379950679774125
30949,365,1.4032876712328768,1.336906253673034,0.06638141755984273,0.04730421204479226,0.005,0.006959844978024748
31594,365,1.4994520547945205,1.4331887166071302,0.06626333818739027,0.04419170187903792,0.005,0.006959844978024748
30673,365,1.5561643835616439,1.4993230580481098,0.05684132551353405,0.03652655600781677,0.005,0.006959844978024748
24908,365,1.894246575342466,1.8388236783849943,0.05542289695747171,0.029258544098173522,0.005,0.006959844978024748
21982,365,1.2167123287671233,1.161711537309058,0.055000791458065246,0.04520443342083723,0.005,0.012883309018601807
29838,365,1.5197260273972604,1.4647644696168587,0.05496155778040168,0.03616543823660828,0.005,0.006959844978024748
21946,365,1.5838356164383565,1.5289023728102242,0.05493324362813223,0.03468367743343411,0.005,0.006959844978024748
32098,365,1.5421917808219177,1.4874706495289165,0.05472113129300116,0.03548270193985686,0.005,0.006959844978024748
24966,339,1.8380530973451328,1.7843150774280023,0.05373801991713045,0.029236380600075787,0.005,0.006959844978024748
25703,364,2.1123626373626374,2.059714674524778,0.05264796283785955,0.024923733220159807,0.005,0.006959844978024748
31873,365,1.3345205479452056,1.2827257715644036,0.05179477638080199,0.038811524079229574,0.005,0.006959844978024748
30521,365,1.4043835616438354,1.3564555339664475,0.04792802767738791,0.03412744850223681,0.005,0.006959844978024748
30393,364,1.2436813186813187,1.196319322506443,0.04736199617487569,0.03808209986228131,0.005,0.006959844978024748
31388,354,1.2522598870056498,1.2057455929411551,0.0465142940644947,0.037144281747870794,0.005,0.008695791488294847
23891,364,1.4549450549450547,1.4099237817737458,0.045021273171308884,0.030943624309585416,0.005,0.012327769406139808
24266,365,2.0021917808219176,1.9615684532943143,0.04062332752760334,0.020289428773365106,0.005,0.006959844978024748
31329,365,1.0575342465753426,1.0172535262147784,0.04028072036056418,0.03808928220623296,0.005,0.012759702066477568
30777,365,1.286301369863014,1.2474722601886048,0.03882910967440911,0.030186634784151914,0.005,0.006959844978024748
31915,365,1.1893150684931508,1.1507613832553314,0.038553685237819435,0.032416712996554,0.005,0.006959844978024748
31532,365,1.552876712328767,1.5152396399847694,0.0376370723439976,0.024236999656949764,0.005,0.006959844978024748
29612,364,1.048901098901099,1.0119496147507312,0.03695148415036775,0.03522875911664186,0.005,0.006959844978024748
29698,365,1.4712328767123288,1.4343650991834493,0.036867777528879486,0.0250591039069665,0.005,0.006959844978024748
30925,365,1.2112328767123288,1.1762113375127419,0.03502153919958695,0.028913960207756696,0.005,0.006959844978024748
31168,365,1.2580821917808218,1.2230700623831543,0.03501212939766751,0.0278297631318568,0.005,0.006959844978024748
34163,275,1.2272727272727275,1.1929494364728561,0.0343232907998714,0.027967125836932245,0.005,0.006959844978024748
30372,365,1.6578082191780823,1.6242927200284032,0.03351549914967911,0.020216752916266522,0.005,0.006959844978024748
24959,365,1.2219178082191782,1.1887981113174784,0.0331196969016998,0.027104684684126516,0.005,0.006959844978024748
31416,365,1.692602739726028,1.6596289087932758,0.03297383093275208,0.01948113999749839,0.005,0.006959844978024748
24343,363,1.3575757575757577,1.3259967945709814,0.03157896300477625,0.02326128971333965,0.005,0.006959844978024748
30636,364,1.5796703296703296,1.549442033199491,0.03022829647083869,0.019135825939800493,0.005,0.006959844978024748
31004,365,1.232054794520548,1.2029348431841456,0.02911995133640244,0.023635272932592596,0.005,0.006959844978024748
24951,365,1.5734246575342465,1.5462389902316978,0.02718566730254879,0.01727802292430839,0.005,0.006959844978024748
28722,365,0.8958904109589038,0.8688530997447317,0.027037311214172077,0.030179261752822054,0.005,0.006959844978024748
24507,364,1.6873626373626376,1.6603311622219326,0.02703147514070503,0.016019955960951855,0.005,0.006959844978024748
25551,364,2.125824175824176,2.0989880461679453,0.0268361296562305,0.012623870761007886,0.005,0.006959844978024748
30252,365,1.6312328767123287,1.6048199710129978,0.02641290569933097,0.01619198955367115,0.005,0.006959844978024748
31909,365,1.2964383561643837,1.2712570897314366,0.025181266432947158,0.019423419797180288,0.005,0.006959844978024748
34172,364,1.0324175824175823,1.0073177194651048,0.02509986295247746,0.024311735270627452,0.005,0.024617942619403248
31369,365,1.409041095890411,1.3847947721678304,0.02424632372258051,0.017207676762088054,0.005,0.006959844978024748
27595,365,0.8517808219178081,0.8280568023407928,0.02372401957701531,0.027852258429110932,0.005,0.02453290071255411
32061,364,1.2678571428571428,1.2448643123123355,0.022992830544807275,0.018135190288862076,0.005,0.006959844978024748
24817,365,1.7164383561643837,1.695440514693164,0.020997841471219747,0.01223337930885109,0.005,0.006959844978024748
37031,365,0.8082191780821918,0.7885444825964906,0.01967469548570122,0.024343267295867613,0.005,0.011066208937706826
36034,365,1.4816438356164385,1.4650469078613473,0.01659692775509125,0.011201698651272756,0.005,0.006959844978024748
32165,365,0.8424657534246576,0.8264299590203732,0.016035794404284376,0.019034357585573324,0.005,0.010553688549285987
31088,365,0.9997260273972604,0.984003859577152,0.01572216782010838,0.015726476443791607,0.005,0.006959844978024748
35121,365,0.9882191780821917,0.9732412989817762,0.014977879100415481,0.015156434354454257,0.005,0.01832140162671291
31960,365,1.3572602739726027,1.3427314385843194,0.014528835388283312,0.010704531523462674,0.005,0.006959844978024748
23884,365,1.4761643835616438,1.4618200375777606,0.014344345983883233,0.009717309361762027,0.005,0.006959844978024748
29263,364,1.2057692307692307,1.1914651309331918,0.014304099836038864,0.011863049305805756,0.005,0.006959844978024748
28661,365,0.8473972602739724,0.8347319134217304,0.012665346852242076,0.014946173944611571,0.005,0.01322679464789597
32411,365,1.2542465753424659,1.2418840483163023,0.012362527026163583,0.009856536401375508,0.005,0.006959844978024748
23631,365,0.942191780821918,0.9302452030638874,0.011946577758030652,0.012679560574821712,0.005,0.007382070547686648
34861,365,0.575890410958904,0.5640785665054844,0.011811844453419651,0.02051057671502461,0.005,0.006959844978024748
24641,364,1.320054945054945,1.3090870056181743,0.010967939436770768,0.008308699177907513,0.005,0.020051893569240288
23804,365,0.682191780821918,0.6721369717128206,0.010054809109097396,0.014738977208114653,0.005,0.007688865872306568
23955,365,1.3512328767123285,1.341749462706981,0.009483414005347468,0.007018341670624141,0.005,0.006959844978024748
23933,365,0.9767123287671233,0.967946656895291,0.008765671871832303,0.008974671060922274,0.005,0.006959844978024748
34824,365,0.7293150684931509,0.720960404454178,0.008354664038972892,0.01145549351699889,0.005,0.018200592186209827
23405,365,0.9263013698630135,0.918808653824548,0.007492716038465463,0.008088853457674933,0.005,0.006959844978024748
31253,337,1.1477744807121661,1.1404660849536985,0.007308395758467645,0.006367449251819019,0.005,0.006959844978024748
28138,306,1.8362745098039215,1.8295769017299306,0.0066976080739908905,0.003647389340881318,0.005,0.006959844978024748
29231,365,1.4005479452054792,1.3945158645031617,0.006032080702317533,0.004306943380958333,0.005,0.006959844978024748
24944,364,1.3057692307692306,1.3001173532721433,0.005651877497087288,0.004328389246664786,0.005,0.006959844978024748
23472,365,1.5046575342465756,1.49957325981898,0.005084274427595625,0.003379024337349605,0.005,0.006959844978024748
27947,327,1.0553516819571866,1.0508675875243323,0.0044840944328543575,0.004248910111687554,0.005,0.020444106584392007
31510,365,1.0249315068493152,1.0210382388173667,0.00389326803194856,0.0037985641049484743,0.005,0.006959844978024748
30230,365,1.2435616438356165,1.2399556122146778,0.0036060316209387544,0.002899761052308097,0.005,0.009404792823161588
28064,365,0.9076712328767123,0.906303323076066,0.001367909800646272,0.0015070542627102002,0.005,0.006959844978024748
27199,365,0.8153424657534247,0.8141067602573766,0.0012357054960481229,0.0015155662165912795,0.005,0.006959844978024748
34123,365,0.6342465753424658,0.6331494684117425,0.0010971069307232906,0.0017297798259784062,0.005,0.010674808355902309
28224,321,1.0457943925233646,1.0447079541397026,0.0010864383836619584,0.0010388642274515598,0.005,0.006959844978024748
34391,365,0.9169863013698628,0.916459966842404,0.0005263345274587605,0.0005739829773601662,0.005,0.006959844978024748
28434,364,1.2494505494505495,1.2494443718488533,6.177601696188972e-06,4.9442546557009365e-06,0.005,0.006959844978024748
24738,364,1.4505494505494505,1.4509287850748671,-0.00037933452541660806,0.0,0.005,0.017718480465531088
23205,364,1.0483516483516482,1.0493328106118676,-0.0009811622602193815,0.0,0.005,0.0072072784159522875
22887,364,0.9054945054945056,0.907086539813295,-0.0015920343187894037,0.0,0.005,0.006959844978024748
27459,365,0.9583561643835615,0.9601889177433801,-0.0018327533598185841,0.0,0.005,0.007760141009460908
27037,365,0.6586301369863014,0.6618967656622049,-0.003266628675903549,0.0,0.005,0.006959844978024748
29430,365,0.6326027397260273,0.6360637124147814,-0.003460972688754116,0.0,0.005,0.007906061217684848
22550,365,0.717808219178082,0.7213033269852565,-0.0034951078071744357,0.0,0.005,0.008706166113126409
23724,365,1.0712328767123287,1.075856720411234,-0.004623843698905228,0.0,0.005,0.006959844978024748
23921,364,1.3782967032967033,1.3835684041306666,-0.005271700833963333,0.0,0.005,0.007169292062699748
23418,364,1.074725274725275,1.0805933537098238,-0.005868078984548886,0.0,0.005,0.006959844978024748
34646,327,0.8348623853211009,0.840782175084935,-0.005919789763834116,0.0,0.005,0.006959844978024748
30054,365,1.0723287671232877,1.07836576608201,-0.006036998958722339,0.0,0.005,0.011760263126754166
23711,365,0.9139726027397261,0.9207047720025102,-0.006732169262784082,0.0,0.005,0.006959844978024748
37472,364,0.6186813186813187,0.6256540130269079,-0.006972694345589225,0.0,0.005,0.014533885435222809
29282,365,1.2978082191780822,1.306355412692495,-0.008547193514412799,0.0,0.005,0.006959844978024748
27648,365,0.9419178082191783,0.950704520061829,-0.008786711842650785,0.0,0.005,0.006959844978024748
22602,365,0.6175342465753424,0.6268127232367867,-0.009278476661444324,0.0,0.005,0.008410930758657127
27612,365,0.3400000000000001,0.3494485525439864,-0.0094485525439863,0.0,0.005,0.02012404470355175
26477,364,0.3826923076923077,0.3933270923074836,-0.010634784615175863,0.0,0.005,0.013423959706625369
28275,365,1.067945205479452,1.079607220679866,-0.011662015200413878,0.0,0.005,0.006959844978024748
22583,365,0.886027397260274,0.8980563039822531,-0.012028906721979093,0.0,0.005,0.008676660148371929
34880,365,0.4734246575342466,0.48636365442798307,-0.012938996893736454,0.0,0.005,0.026959844978024748
22802,365,0.3624657534246576,0.37547378902782824,-0.013008035603170653,0.0,0.005,0.010199369612123609
20891,365,1.3630136986301367,1.3766368454678162,-0.013623146837679512,0.0,0.005,0.008102457661519848
22641,365,0.9123287671232877,0.9267933995992087,-0.014464632475921002,0.0,0.005,0.009505074394805729
22217,365,0.6638356164383561,0.6794147212243612,-0.015579104786005105,0.0,0.005,0.008608504748880128
23324,365,1.0906849315068494,1.1063983727466715,-0.0157134412398221,0.0,0.005,0.009403244898427327
27823,365,0.8172602739726026,0.8334077385003671,-0.0161474645277645,0.0,0.005,0.011098085311227367
27333,253,1.066403162055336,1.0847685839361494,-0.01836542188081336,0.0,0.005,0.006959844978024748
28411,327,0.9865443425076453,1.0065290686409547,-0.019984726133309372,0.0,0.005,0.015466311214208706
28493,365,1.0054794520547945,1.0316249210324795,-0.026145468977684994,0.0,0.005,0.01263260641777669
26258,365,0.6767123287671234,0.704736500158348,-0.028024171391224595,0.0,0.005,0.015773101941678448
33008,365,0.4208219178082191,0.44944703872462294,-0.028625120916403846,0.0,0.005,0.009034523250116569
32389,365,1.043013698630137,1.0763551006335703,-0.033341402003433274,0.0,0.005,0.006959844978024748
30758,365,0.9413698630136985,0.9797710646808863,-0.038401201667187745,0.0,0.005,0.011961329366382667
22820,365,0.45999999999999996,0.5008072324197943,-0.04080723241979434,0.0,0.005,0.01260270072665503
28698,365,0.9041095890410958,0.9518610976416496,-0.04775150860055377,0.0,0.005,0.010986194673701648
24125,364,0.6497252747252746,0.707953446567494,-0.0582281718422194,0.0,0.005,0.015242283107750366
34009,327,0.9467889908256881,1.009718255947995,-0.06292926512230679,0.0,0.005,0.026959844978024748
37099,179,0.8184357541899442,0.9594979646256683,-0.1410622104357241,0.0,0.005,0.021006143611848587
20674,365,0.7863013698630137,0.9882700796359957,-0.20196870977298198,0.0,0.005,0.02475739794258553
