station,overlap_rows,overlap_years,date_min,date_max,baseline_mae,baseline_rmse,baseline_bias,exact_equal_ratio,abs_delta_median,abs_delta_max
22113,4017,11,2013-01-01,2023-12-31,1.105277570326114,1.942826691677861,-0.8310928553647,0.10007468259895444,0.5,13.399999999999999
22802,4017,11,2013-01-01,2023-12-31,0.3393079412496888,0.47330531776407186,-0.0045307443365695844,0.1361712720936022,0.20000000000000284,5.399999999999999
23472,4017,11,2013-01-01,2023-12-31,1.430893701767488,2.0281139523297385,0.0026636793627085294,0.06696539706248444,1.0,10.899999999999999
23933,4017,11,2013-01-01,2023-12-31,0.9472989793378143,1.3210716374772324,0.1990291262135922,0.08090614886731391,0.6999999999999993,7.699999999999999
24688,4017,11,2013-01-01,2023-12-31,1.6586507343788897,2.2834218695641377,-0.07234254418720436,0.05128205128205128,1.1999999999999997,13.700000000000001
25563,4017,11,2013-01-01,2023-12-31,2.046825989544436,2.8963554309123998,0.42113517550410756,0.024645257654966394,1.5,19.3
25913,4017,11,2013-01-01,2023-12-31,3.249813293502614,4.847099279100729,-2.0330346029375157,0.05302464525765497,1.9000000000000004,19.500000000000004
26063,4017,11,2013-01-01,2023-12-31,0.6228528752800597,0.830034296300221,-0.476723923325865,0.07169529499626587,0.5,5.4
27459,4017,11,2013-01-01,2023-12-31,0.8677371172516803,1.1764884057576812,0.0785411999004232,0.07667413492656211,0.6999999999999993,5.6000000000000005
28440,4017,11,2013-01-01,2023-12-31,1.0354991287030122,1.5196202505068692,-0.5741598207617625,0.08040826487428429,0.7000000000000002,10.000000000000002
29838,4017,11,2013-01-01,2023-12-31,1.479462285287528,2.0409121440879043,0.2985810306198656,0.06372915110779188,1.0999999999999996,11.5
30710,4017,11,2013-01-01,2023-12-31,1.336370425690814,1.8238046443170146,-0.7435897435897436,0.05003734129947722,1.0,9.7
30758,4017,11,2013-01-01,2023-12-31,1.2287528005974606,1.7817268757293556,0.30756783669405025,0.05725665919840677,0.7999999999999972,9.500000000000002
31960,4017,11,2013-01-01,2023-12-31,1.1850385860094597,1.6882002000235996,-0.09078914612895196,0.06920587503111775,0.8,10.1
35121,4017,11,2013-01-01,2023-12-31,0.9408762758277321,1.291487034495065,-0.4448842419716206,0.08165297485685835,0.6999999999999997,6.899999999999999
20674,4016,11,2013-01-01,2023-12-31,0.9441982071713149,1.3895732598972657,0.17851095617529877,0.08316733067729083,0.6,8.4
23631,4016,11,2013-01-01,2023-12-31,0.9122758964143427,1.2467797164513794,-0.013022908366533862,0.07719123505976096,0.6999999999999993,6.699999999999999
31088,4016,11,2013-01-01,2023-12-31,0.9329930278884464,1.3237064271126293,-0.06989541832669323,0.07818725099601594,0.6999999999999993,8.700000000000001
34123,4016,11,2013-01-01,2023-12-31,0.5858316733067729,0.7973671191547614,0.0017181274900398625,0.09885458167330677,0.40000000000000213,4.5
31510,4015,11,2013-01-01,2023-12-31,0.9746201743462016,1.31155891956933,-0.013673723536737218,0.07173100871731009,0.7000000000000028,6.600000000000001
24959,4014,11,2013-01-01,2023-12-31,1.1478574987543597,1.573628110765542,-0.048455406078724464,0.056552067762830095,0.8999999999999986,11.300000000000004
28722,4010,11,2013-01-01,2023-12-31,0.854788029925187,1.1643231420238838,0.04999999999999999,0.06483790523690773,0.6999999999999993,6.9
30521,4010,11,2013-01-01,2023-12-31,1.3661097256857855,1.849562191236583,-0.03573566084788028,0.049625935162094764,1.0,10.100000000000001
27595,4009,11,2013-01-01,2023-12-31,0.8485158393614367,1.199626823158605,-0.41459216762284856,0.08306310800698428,0.5999999999999996,5.699999999999999
24266,4003,11,2013-01-01,2023-12-31,1.8035723207594305,2.522976108421808,0.013714713964526632,0.04921309018236323,1.2999999999999972,12.999999999999996
27199,3998,11,2013-01-01,2023-12-31,0.6979489744872436,0.9616404609770193,-0.009954977488744368,0.08779389694847424,0.5,4.9
23884,3988,11,2013-01-01,2023-12-31,1.3580992978936812,1.8959843802919192,0.005090270812437289,0.06544633901705116,1.0,9.900000000000002
28698,3984,11,2013-01-01,2023-12-31,0.9416164658634538,1.295902176014531,0.005220883534136542,0.07781124497991967,0.7,7.199999999999999
30823,3983,11,2013-01-01,2023-12-31,1.2481044438865176,1.736000638658884,-0.5319608335425559,0.050966608084358524,0.8999999999999986,8.599999999999998
31915,3983,11,2013-01-01,2023-12-31,1.1811950790861159,1.6237991178697495,-0.04366055736881749,0.06427316093396937,0.8999999999999986,7.800000000000001
30965,3973,11,2013-01-01,2023-12-31,1.5229801157815255,2.025268266917406,0.023005285678328713,0.04580921218223005,1.1999999999999993,10.2
36034,3972,11,2013-01-01,2023-12-31,1.3320493454179254,1.8773514962530016,-0.02187814702920443,0.06596173212487412,0.9999999999999991,10.1
31416,3971,11,2013-01-01,2023-12-31,1.5028959959707882,2.0499356605856978,-0.024981113069755687,0.059430873835305965,1.0999999999999996,9.900000000000002
31532,3971,11,2013-01-01,2023-12-31,1.4370939309997484,1.9511724129201962,-0.0033996474439687728,0.029211785444472425,1.0,8.9
31594,3966,11,2013-01-01,2023-12-31,1.3776853252647503,1.8871456512486597,-0.02892082702975291,0.06984367120524458,1.0,8.200000000000001
24507,3964,11,2013-01-01,2023-12-31,1.537537840565086,2.1660309812897793,0.03733602421796171,0.06382441977800202,1.0999999999999996,10.5
24944,3960,11,2013-01-01,2023-12-31,1.2886868686868687,1.7654355344397672,0.014141414141414115,0.06237373737373737,1.0,9.5
32061,3957,11,2013-01-01,2023-12-31,1.2407884761182715,1.676220280906967,-0.06338134950720237,0.06469547637098812,0.9000000000000004,8.799999999999999
32098,3955,11,2013-01-01,2023-12-31,1.3513021491782553,1.9174374492226378,-0.028925410872313522,0.0675094816687737,0.9000000000000004,9.3
22550,3954,11,2013-01-01,2023-12-31,0.7459028831562975,1.062270832794237,-0.017223065250379338,0.08978249873545777,0.5,6.199999999999999
26477,3948,11,2013-01-01,2023-12-31,0.35909321175278625,0.5051432531276099,-0.01957953394123604,0.13069908814589665,0.29999999999999893,5.300000000000001
30393,3945,11,2013-01-01,2023-12-31,1.1399493029150825,1.5398788489537112,-0.039619771863117846,0.0641318124207858,0.8999999999999986,7.199999999999999
31369,3945,11,2013-01-01,2023-12-31,1.3828136882129276,1.8777005056309277,-0.046742712294043094,0.06311787072243347,1.0,8.8
23804,3944,11,2013-01-01,2023-12-31,0.7233265720081137,1.027561362129375,0.1460446247464503,0.09685598377281947,0.5,6.199999999999999
30372,3943,11,2013-01-01,2023-12-31,1.410448896779102,1.9850583127956434,0.05726604108546793,0.04970834390058331,1.0,15.0
30777,3935,11,2013-01-01,2023-12-31,1.249631512071156,1.6871432513864544,0.0014485387547649082,0.05565438373570521,0.9000000000000021,8.0
25703,3933,11,2013-01-01,2023-12-31,1.8928553267226036,2.6675122610501316,-0.030917874396135272,0.05822527332824816,1.299999999999999,11.199999999999996
29282,3933,11,2013-01-01,2023-12-31,1.3421052631578947,1.89535208391301,-0.029824561403508785,0.06661581489956776,0.9000000000000004,9.2
28900,3932,11,2013-01-01,2023-12-31,0.6550356052899288,0.8730974083316259,-0.3755340793489318,0.09562563580874874,0.5,4.699999999999999
24908,3931,11,2013-01-01,2023-12-31,1.7981684049860087,2.5355031833494857,-0.029814296616636968,0.05876367336555584,1.200000000000001,11.100000000000001
30673,3930,11,2013-01-01,2023-12-31,1.3811959287531808,1.8567660468329756,0.01590330788804069,0.055216284987277355,1.0000000000000004,7.300000000000001
29698,3929,11,2013-01-01,2023-12-31,1.4105370323237465,1.906837571491584,-0.007635530669381523,0.05243064392975312,1.0999999999999996,9.8
28064,3920,11,2013-01-01,2023-12-31,0.7590816326530611,1.054743899663587,0.016020408163265314,0.07831632653061224,0.5999999999999996,8.5
29231,3918,11,2013-01-01,2023-12-31,1.3511995916283819,1.88966993831011,-0.050280755487493625,0.0681470137825421,1.0,10.399999999999999
31168,3916,11,2013-01-01,2023-12-31,1.1655515832482124,1.6348579356834683,-0.0833758937691522,0.07175689479060265,0.8000000000000007,7.9
24966,3913,11,2013-01-01,2023-12-31,1.612011244569384,2.193365224821361,0.002044467160746233,0.054689496549961664,1.200000000000001,10.6
24951,3912,11,2013-01-01,2023-12-31,1.3389570552147239,1.9145418114129191,0.030010224948875248,0.05828220858895705,0.9000000000000021,11.200000000000003
30949,3902,11,2013-01-01,2023-12-31,1.3584572014351615,1.7932779260737908,0.04133777549974376,0.047667862634546386,1.0999999999999979,7.299999999999997
23955,3900,11,2013-01-01,2023-12-31,1.2826666666666666,1.8184481972698168,-0.07584615384615384,0.06615384615384616,0.9000000000000004,11.4
23418,3896,11,2013-01-01,2023-12-31,0.87097022587269,1.272643976113665,0.021021560574948674,0.09342915811088295,0.5999999999999999,9.0
32165,3893,11,2013-01-01,2023-12-31,0.859414333418957,1.1805850861526377,-0.04698176213716928,0.07731826354996146,0.6000000000000005,5.7
25551,3886,11,2013-01-01,2023-12-31,2.2000514668039113,3.0987138932263676,-0.27071538857436955,0.031137416366443644,1.5,16.299999999999997
31004,3882,11,2013-01-01,2023-12-31,1.2980164863472436,1.763800373292391,-0.12609479649665117,0.05821741370427615,1.0,9.5
22887,3879,11,2013-01-01,2023-12-31,0.7595256509409641,1.0888665285938557,0.023201856148491882,0.08868265016756896,0.5000000000000001,7.1
22602,3878,11,2013-01-01,2023-12-31,0.4392470345538938,0.6800441389673066,0.04455905105724599,0.11500773594636411,0.3,9.1
30925,3862,11,2013-01-01,2023-12-31,1.1709476954945626,1.5398571429566628,0.00455722423614708,0.053340238218539615,0.9000000000000004,7.199999999999999
30252,3859,11,2013-01-01,2023-12-31,1.3703031873542368,1.9171475637079571,0.08587717025136045,0.04923555325213786,1.0,9.900000000000002
26258,3853,11,2013-01-01,2023-12-31,0.5342071113418116,0.7804099623386511,-0.0024137036075784837,0.10225798079418635,0.4,7.699999999999999
22217,3852,11,2013-01-01,2023-12-31,0.4323468328141225,0.7217939460256028,0.07917964693665627,0.14641744548286603,0.2999999999999998,10.8
24817,3840,11,2013-01-01,2023-12-31,1.7592708333333333,2.4362710577164166,-0.030677083333333324,0.043229166666666666,1.2999999999999972,10.6
22820,3839,11,2013-01-01,2023-12-31,0.4666319353998437,0.6674003950511302,0.10263089346183903,0.10210992445949466,0.3000000000000007,5.5
27037,3834,11,2013-01-01,2023-12-31,0.6626760563380282,0.9490117859377311,0.0965832029212311,0.10380803338549817,0.5,5.6
30054,3834,11,2013-01-01,2023-12-31,1.2991653625456443,1.8729995414339506,0.2775169535732916,0.06703182055294732,0.8999999999999986,11.3
31253,3826,11,2013-01-01,2023-12-31,1.0695504443282804,1.4622189169216966,-0.017015159435441705,0.07135389440669106,0.8000000000000007,7.699999999999999
29612,3820,11,2013-01-01,2023-12-31,1.166701570680628,1.6477956082269873,0.2462303664921466,0.07539267015706806,0.8000000000000007,10.8
23405,3814,11,2013-01-01,2023-12-31,0.7805191400104876,1.1237543357098754,0.1109858416360776,0.09779758783429471,0.5,8.0
22837,3806,11,2013-01-01,2023-12-31,1.0415922228060956,1.4390516597584309,0.4244613767735155,0.0790856542301629,0.7999999999999989,7.999999999999999
21982,3796,11,2013-01-01,2023-12-31,1.3341675447839831,1.888823123644209,-0.07052160168598523,0.037934668071654375,0.9000000000000021,12.1
23891,3789,11,2013-01-01,2023-12-31,1.3326471364476113,1.8531819802971803,0.2520981789390341,0.06809184481393507,0.9000000000000021,11.099999999999998
29263,3779,11,2013-01-01,2023-12-31,1.2327335273881979,1.707463032671164,0.19229955014554112,0.06694892828790686,0.8999999999999995,9.599999999999998
31707,3767,11,2013-01-01,2023-12-31,1.265065038492169,1.7091883048787742,0.003318290416777274,0.06848951420228298,0.9000000000000021,7.4
23324,3766,11,2013-01-01,2023-12-31,0.9565055762081784,1.3987001780216788,0.09596388741370152,0.08921933085501858,0.6000000000000014,8.300000000000004
20891,3761,11,2013-01-01,2023-12-31,1.3928476469024196,1.9702473198718928,0.030071789417708116,0.07232119117256049,1.0,10.299999999999997
31329,3760,11,2013-01-01,2023-12-31,1.0802925531914893,1.5057010454595137,0.24710106382978725,0.0747340425531915,0.7999999999999989,7.599999999999998
24641,3723,11,2013-01-01,2023-12-31,1.2217029277464408,1.6828167298071177,0.29605157131345694,0.06124093473005641,0.8999999999999999,10.600000000000001
29866,3720,11,2013-01-01,2023-12-31,1.3748924731182797,1.8737260905387403,0.41693548387096774,0.06639784946236559,1.0,9.2
30230,3713,11,2013-01-01,2023-12-31,1.4693239967681122,2.116685027980246,0.32625908968489087,0.05413412335039052,1.0,11.7
24738,3691,11,2013-01-01,2023-12-31,1.4727174207531835,2.035268816323933,0.36418314819832026,0.05852072609049038,1.0999999999999999,9.899999999999999
21946,3682,11,2013-01-01,2023-12-31,1.5358500814774578,2.0664582899744763,-0.11482889733840305,0.055676262900597503,1.1999999999999993,8.899999999999999
30636,3672,11,2013-01-01,2023-12-31,1.3565087145969499,1.8820669291834244,0.08085511982570809,0.05201525054466231,1.0,12.3
31388,3668,11,2013-01-01,2023-12-31,1.275081788440567,1.792047439101788,0.29242093784078516,0.07715376226826609,0.8999999999999999,9.399999999999999
31873,3661,11,2013-01-01,2023-12-31,1.2723845943731218,1.7911235198987685,-0.01846490030046437,0.0671947555312756,0.9000000000000004,9.600000000000001
31909,3657,11,2013-01-01,2023-12-31,1.1069182389937107,1.5193510696859942,0.06141646158053051,0.07219031993437244,0.8000000000000007,8.0
24343,3651,11,2013-01-01,2023-12-30,1.2506436592714325,1.7325322612160727,-0.002163790742262382,0.06107915639550808,0.9000000000000004,8.600000000000001
34861,3571,10,2013-01-01,2023-12-31,0.7357042845141418,1.0305797646752837,0.40576869224306916,0.09465135816297955,0.5,5.300000000000001
28275,3542,11,2013-01-01,2023-12-31,0.9669678147939017,1.3637208707110389,0.032185206098249576,0.08243929983060418,0.6999999999999997,10.4
22583,3522,11,2013-01-01,2023-12-31,0.7957978421351505,1.1666455745639421,0.08290743895513912,0.10164679159568427,0.5999999999999979,6.800000000000001
33008,3510,11,2013-01-01,2023-12-31,0.4272649572649573,0.5827212906391035,-0.03512820512820513,0.09173789173789174,0.3000000000000007,4.300000000000001
24125,3484,11,2013-01-01,2023-12-31,0.9351033295063145,1.3505973080101015,0.20318599311136623,0.0812284730195178,0.6000000000000014,7.600000000000001
22641,3449,11,2013-01-01,2023-12-31,0.7327341258335749,1.0421558047473096,0.01902000579878226,0.1014786894752102,0.5000000000000001,7.300000000000001
32389,3401,11,2013-01-01,2023-12-31,1.2189062040576302,1.8549226448102714,-0.08224051749485449,0.07321376065862982,0.7999999999999989,11.5
28224,3328,11,2013-01-01,2023-12-31,0.8200120192307693,1.1281792683516487,0.08834134615384617,0.09495192307692307,0.6000000000000005,13.799999999999999
34163,3320,11,2013-01-01,2023-12-31,0.9004216867469879,1.234479549865507,0.361987951807229,0.0930722891566265,0.6999999999999993,6.800000000000001
34880,3277,11,2013-01-01,2023-12-31,0.4974977113213305,0.7014414732337201,-0.04165395178516935,0.12114739090631675,0.3999999999999986,4.099999999999998
34172,3268,11,2013-01-01,2023-12-31,0.7216340269277847,0.9961784383473433,-0.12291921664626683,0.09853121175030599,0.5,5.3999999999999995
28661,3259,11,2013-01-01,2023-12-31,0.8505369745320651,1.1695547181400001,0.028812519177661856,0.09143909174593434,0.6000000000000005,8.299999999999999
23205,3246,11,2013-01-01,2023-12-31,0.9154651879235984,1.3267219016481941,-0.01349353049907578,0.09796672828096119,0.6000000000000001,7.800000000000001
23711,3186,11,2013-01-01,2023-12-31,0.8643753923414941,1.2415274697947143,0.117608286252354,0.10765850596359071,0.6,9.8
27612,3180,11,2013-01-01,2023-12-31,0.3040566037735849,0.4615430777063137,0.0001572327044025146,0.1669811320754717,0.20000000000000018,6.3
32411,3176,11,2013-01-01,2023-12-31,1.1034005037783374,1.542804456805705,0.010201511335012592,0.058564231738035266,0.7999999999999998,6.7
23724,3164,11,2013-01-01,2023-12-31,0.8878634639696587,1.2916732256538606,0.012010113780025288,0.08343868520859671,0.6000000000000014,12.899999999999999
28493,3159,11,2013-01-01,2023-12-31,0.950997150997151,1.3468874227868064,0.05109211775878442,0.09116809116809117,0.6999999999999993,9.0
28138,3102,11,2013-01-01,2023-12-31,1.2329464861379755,1.7177234420417569,0.6385557704706641,0.08317214700193423,0.8000000000000007,10.5
28434,3101,11,2013-01-01,2023-12-31,1.1554014833924542,1.683381411463013,0.16894550145114476,0.08868107062237987,0.8,10.899999999999999
23921,3094,11,2013-01-01,2023-12-31,1.0947963800904978,1.5845294816085371,0.11393018745959921,0.08177117000646413,0.7999999999999998,11.9
29570,2916,10,2013-01-01,2023-12-31,1.502400548696845,2.097779543313758,-0.9176954732510288,0.07887517146776406,1.0999999999999996,10.7
27333,2853,11,2013-01-01,2023-12-31,0.7492464072905715,1.0595814899071911,0.20686996144409395,0.1023484051875219,0.5999999999999996,13.8
37031,2848,11,2013-01-01,2023-12-31,0.6561095505617978,0.9033917052052824,0.04515449438202246,0.11411516853932584,0.5,5.1
27648,2766,11,2013-01-01,2023-12-31,0.744070860448301,1.05084581847244,0.12758496023138108,0.10448300795372378,0.5999999999999996,11.1
27823,2729,11,2013-01-01,2023-12-31,0.7149138878710151,0.9992631950304532,0.07805056797361672,0.11542689629901062,0.5,5.8999999999999995
34824,2720,11,2013-01-01,2023-12-31,0.597389705882353,0.8118175867260127,0.001286764705882353,0.11029411764705882,0.5,4.800000000000001
34391,2708,11,2013-01-01,2023-12-31,0.8007754800590842,1.1434596626029272,0.12322747415066472,0.10967503692762186,0.5999999999999996,5.799999999999999
37472,2509,11,2013-01-01,2023-12-31,0.5996014348345954,0.9704070879282133,0.09868473495416502,0.1478676763650857,0.3999999999999986,17.0
37235,2430,8,2013-01-01,2023-12-31,0.8522633744855967,1.0564051162065267,0.6883127572016461,0.09917695473251029,0.8,5.4
29430,1836,6,2013-01-01,2023-12-31,0.555119825708061,0.7709457169444198,-0.007516339869281075,0.13725490196078433,0.40000000000000036,5.0
27947,687,3,2013-01-01,2022-06-30,0.7454148471615721,1.0998676643964316,-0.06797671033478896,0.2823871906841339,0.5,5.2
34009,687,3,2013-01-01,2022-06-30,0.7687045123726348,1.2214661769950654,-0.3491994177583697,0.29112081513828236,0.5,7.299999999999999
34646,687,3,2013-01-01,2022-06-30,0.6537117903930131,0.9893538096650207,0.23013100436681222,0.28093158660844253,0.40000000000000036,4.5
28411,657,3,2013-01-01,2022-06-30,0.7910197869101979,1.1815360329927624,-0.19923896499238966,0.2557077625570776,0.5999999999999999,6.399999999999999
34139,539,3,2013-01-01,2022-06-30,0.7987012987012987,1.2169260827630786,0.6695732838589981,0.35992578849721707,0.5,5.4
37099,539,3,2013-01-01,2022-06-30,0.6001855287569572,0.9642496385748097,-0.237291280148423,0.35992578849721707,0.3000000000000007,4.800000000000001
30555,360,3,2013-01-01,2022-04-01,7.7625,9.361438339153754,7.7625,0.25,8.75,19.299999999999997
