station,month
20674,4
20674,8
20674,10
20891,1
20891,5
20891,6
20891,11
21946,1
21946,2
21946,4
21946,5
21946,7
21946,8
21946,9
21946,10
21946,11
21946,12
21982,2
21982,3
21982,10
21982,11
21982,12
22113,1
22113,2
22113,3
22113,9
22113,10
22113,11
22113,12
22217,1
22550,4
22550,6
22550,7
22550,9
22550,11
22583,6
22583,7
22583,8
22583,10
22583,11
22602,2
22641,4
22641,6
22641,7
22641,10
22641,12
22802,2
22820,2
22820,5
22837,2
22837,4
22837,5
22837,6
22837,7
22837,8
22837,10
22887,1
22887,4
22887,5
22887,7
22887,10
23205,9
23205,10
23205,11
23205,12
23324,6
23324,8
23324,10
23324,12
23405,1
23405,6
23405,10
23405,12
23418,6
23418,7
23418,8
23472,6
23472,7
23472,8
23472,9
23472,10
23472,12
23631,4
23631,5
23631,6
23631,7
23631,8
23711,1
23711,3
23711,4
23711,7
23711,8
23724,4
23724,6
23724,7
23724,8
23724,9
23724,11
23804,7
23804,11
23884,1
23884,2
23884,3
23884,4
23884,5
23884,7
23884,8
23884,9
23884,12
23891,4
23891,5
23891,6
23891,7
23891,8
23891,9
23891,10
23921,3
23921,7
23921,8
23921,10
23921,12
23933,3
23933,6
23933,7
23933,8
23933,9
23933,10
23933,12
23955,2
23955,4
23955,5
23955,6
23955,7
23955,8
23955,9
23955,11
24125,3
24125,6
24125,8
24266,4
24266,9
24266,11
24343,1
24343,2
24343,4
24343,5
24343,6
24343,7
24343,8
24343,9
24343,11
24507,4
24507,5
24507,6
24507,7
24507,9
24507,11
24507,12
24641,3
24641,4
24641,5
24641,8
24641,9
24688,1
24688,2
24688,4
24688,6
24688,8
24688,9
24688,10
24688,11
24738,5
24738,7
24738,8
24738,9
24817,4
24817,5
24817,6
24817,7
24817,8
24817,9
24908,1
24908,3
24908,4
24908,5
24908,6
24908,7
24908,9
24908,11
24944,4
24944,5
24944,8
24944,9
24951,3
24951,4
24951,5
24951,8
24951,9
24951,11
24959,2
24959,3
24959,4
24959,5
24959,9
24959,10
24959,11
24959,12
24966,3
24966,4
24966,5
24966,9
24966,10
24966,11
25551,1
25551,2
25551,3
25551,4
25551,6
25551,7
25551,8
25551,10
25551,11
25551,12
25563,2
25563,3
25563,5
25563,6
25563,7
25563,8
25563,9
25563,10
25563,12
25703,1
25703,2
25703,4
25703,5
25703,6
25703,7
25703,8
25703,9
25703,10
25703,11
25913,1
25913,2
25913,3
25913,10
25913,11
25913,12
26063,1
26063,2
26063,3
26063,4
26063,5
26063,6
26063,7
26063,8
26063,10
26063,11
26063,12
26258,8
26258,9
26258,10
26477,3
27037,6
27037,11
27037,12
27199,1
27199,2
27199,3
27199,4
27199,7
27199,8
27333,7
27333,11
27333,12
27459,1
27459,2
27459,3
27459,4
27459,10
27459,11
27459,12
27595,1
27595,2
27595,3
27595,5
27595,12
27612,6
27648,2
27648,6
27648,7
27648,8
27648,11
27823,2
27823,7
27823,12
27947,2
27947,3
27947,4
27947,6
27947,7
27947,8
27947,12
28064,3
28064,4
28064,5
28064,6
28064,7
28138,3
28138,7
28138,8
28138,11
28138,12
28224,1
28224,3
28224,4
28224,5
28224,7
28224,8
28224,10
28224,11
28275,3
28275,6
28275,7
28411,2
28411,6
28411,7
28411,10
28411,11
28411,12
28434,1
28434,3
28434,4
28434,5
28434,6
28434,7
28434,8
28434,10
28440,2
28440,3
28440,4
28440,5
28440,6
28440,7
28440,8
28493,1
28493,8
28493,12
28661,2
28661,4
28661,9
28661,10
28661,12
28698,2
28698,3
28698,5
28722,1
28722,5
28722,6
28722,7
28722,8
28722,10
28722,11
28722,12
28900,1
28900,2
28900,3
28900,5
28900,6
28900,7
28900,8
28900,9
28900,12
29231,4
29231,5
29231,6
29231,7
29231,8
29231,10
29231,12
29263,1
29263,4
29263,5
29263,6
29263,7
29263,8
29263,9
29263,12
29282,5
29282,6
29282,7
29282,8
29282,10
29282,11
29282,12
29430,1
29430,4
29430,6
29430,10
29430,11
29430,12
29570,1
29570,2
29570,3
29570,4
29570,5
29570,7
29570,11
29570,12
29612,2
29612,3
29612,4
29612,5
29612,6
29612,7
29612,8
29612,10
29612,12
29698,1
29698,3
29698,4
29698,5
29698,6
29698,7
29698,8
29698,9
29698,12
29838,2
29838,4
29838,5
29838,6
29838,7
29838,8
29838,9
29838,10
29866,2
29866,3
29866,4
29866,5
29866,6
29866,7
29866,8
29866,9
29866,11
29866,12
30054,2
30054,3
30054,4
30054,5
30054,7
30054,8
30054,10
30230,3
30230,5
30230,6
30230,8
30230,9
30252,2
30252,4
30252,5
30252,6
30252,7
30252,8
30252,9
30372,2
30372,3
30372,4
30372,5
30372,6
30372,7
30372,8
30372,9
30372,10
30393,1
30393,2
30393,3
30393,4
30393,5
30393,6
30393,9
30393,11
30393,12
30521,1
30521,4
30521,5
30521,6
30521,7
30521,8
30521,9
30521,10
30521,11
30555,7
30555,8
30555,9
30555,10
30555,11
30555,12
30636,2
30636,4
30636,5
30636,6
30636,7
30636,8
30636,10
30636,12
30673,1
30673,2
30673,3
30673,4
30673,5
30673,6
30673,7
30673,8
30673,9
30673,10
30710,1
30710,2
30710,3
30710,4
30710,5
30710,6
30710,7
30710,8
30710,9
30710,10
30710,11
30710,12
30758,5
30758,9
30758,12
30777,1
30777,3
30777,4
30777,5
30777,6
30777,7
30777,9
30823,1
30823,2
30823,3
30823,7
30823,8
30823,9
30823,10
30823,11
30823,12
30925,1
30925,2
30925,3
30925,4
30925,5
30925,6
30925,7
30925,8
30925,9
30925,11
30925,12
30949,1
30949,2
30949,3
30949,4
30949,5
30949,6
30949,7
30949,8
30949,9
30965,1
30965,2
30965,3
30965,4
30965,5
30965,6
30965,7
30965,8
30965,9
30965,10
30965,11
31004,1
31004,3
31004,4
31004,5
31004,7
31004,9
31004,11
31004,12
31088,1
31088,4
31088,7
31088,8
31088,9
31088,10
31088,11
31088,12
31168,1
31168,3
31168,4
31168,5
31168,6
31168,7
31168,8
31168,9
31168,10
31168,11
31168,12
31253,1
31253,2
31253,4
31253,5
31253,9
31329,2
31329,3
31329,4
31329,5
31329,6
31329,8
31329,9
31329,10
31329,11
31369,3
31369,4
31369,5
31369,6
31369,7
31369,8
31369,9
31369,10
31369,12
31388,3
31388,4
31388,5
31388,6
31388,8
31388,9
31416,1
31416,2
31416,3
31416,4
31416,5
31416,6
31416,8
31416,9
31416,10
31416,11
31416,12
31510,3
31510,4
31510,5
31510,7
31510,8
31510,9
31510,10
31510,11
31510,12
31532,4
31532,5
31532,6
31532,10
31532,11
31594,2
31594,3
31594,4
31594,5
31594,6
31594,9
31594,10
31594,11
31594,12
31707,1
31707,2
31707,3
31707,4
31707,6
31707,7
31707,9
31707,10
31707,12
31873,3
31873,4
31873,5
31873,6
31873,9
31873,10
31873,11
31873,12
31909,1
31909,2
31909,4
31909,5
31909,6
31909,7
31909,8
31909,9
31909,10
31915,1
31915,2
31915,3
31915,4
31915,5
31915,6
31915,8
31915,9
31915,10
31915,11
31915,12
31960,1
31960,3
31960,4
31960,10
31960,11
32061,1
32061,3
32061,4
32061,5
32061,7
32061,8
32061,9
32061,10
32061,12
32098,1
32098,2
32098,3
32098,4
32098,5
32098,7
32098,8
32098,9
32098,10
32098,11
32098,12
32165,4
32165,10
32389,1
32389,2
32389,3
32411,1
32411,2
32411,3
32411,4
32411,10
33008,1
34009,2
34009,3
34009,11
34009,12
34123,2
34123,5
34123,7
34123,11
34123,12
34139,7
34139,8
34139,12
34163,2
34163,7
34163,8
34172,1
34172,2
34172,3
34172,4
34172,10
34172,12
34391,1
34391,7
34391,8
34391,11
34391,12
34646,3
34646,10
34646,12
34824,1
34824,3
34824,5
34824,6
34824,9
34824,10
34861,1
34861,2
34861,3
34861,4
34861,5
34861,9
34861,10
34861,11
34880,5
34880,8
34880,11
35121,3
35121,5
35121,6
35121,7
35121,8
35121,9
36034,3
36034,4
36034,5
36034,6
36034,7
36034,8
36034,9
36034,12
37031,1
37031,4
37031,6
37031,7
37031,8
37031,11
37031,12
37099,7
37099,8
37099,9
37099,10
37235,3
37235,4
37235,5
37235,6
37235,7
37235,8
37235,9
37235,10
37235,12
37472,4
37472,5
37472,6
37472,11
