station,n,baseline_mae,xgb_mae,gain,alpha
25913,365,2.946849315068493,1.2776517279527775,1.6691975871157154,0.5664346590714356
22113,365,1.258082191780822,0.7508615324914149,0.5072206592894072,0.4031697313602648
37235,365,0.8843835616438357,0.6282829376106623,0.25610062403317335,0.28958094105361915
30710,365,1.2413698630136987,1.0535914031804017,0.187778459833297,0.1512671327282132
29570,365,1.4216438356164383,1.249639445746139,0.1720043898702992,0.12098979052352903
25563,365,2.4104109589041096,2.2845302771664646,0.125880681737645,0.05222374270770678
30555,179,9.524581005586592,9.407161189416454,0.11741981617013764,0.012328082054346084
26063,365,0.6131506849315069,0.49765857708984856,0.11549210784165836,0.1883584421903722
30823,365,1.2115068493150685,1.1065363989954122,0.10497045031965624,0.08664453723806995
34139,179,1.2016759776536314,1.1116764200882538,0.08999955756537759,0.07489502930824075
22837,365,1.1884931506849314,1.1152065621418497,0.07328658854308179,0.06166345048000197
29866,293,1.4860068259385668,1.4188005171709857,0.06720630876758116,0.04522611040170252
28440,365,0.8567123287671234,0.7942598941085274,0.06245243465859607,0.07289778909621861
37031,365,0.8082191780821918,0.7553932599090549,0.052825918173136865,0.06536088180744053
28900,365,0.6528767123287671,0.6000885384519623,0.05278817387680479,0.08085473548062841
34163,275,1.2272727272727275,1.1769248002794654,0.05034792699326207,0.04102423680932464
21946,365,1.5838356164383565,1.5352325147053558,0.04860310173300064,0.030686960962714463
29838,365,1.5197260273972604,1.4712777277806852,0.04844829961657515,0.03187962747440045
30965,365,1.5865753424657534,1.5410151476535487,0.045560194812204635,0.028716061313166452
31594,365,1.4994520547945205,1.4567222299324734,0.04272982486204713,0.02849695975634424
25551,364,2.125824175824176,2.08693766697095,0.038886508853225976,0.018292438902267064
30949,365,1.4032876712328768,1.3655251463288314,0.037762524904045414,0.026910038246732867
30673,365,1.5561643835616439,1.5186498870302554,0.0375144965313885,0.024107026820346482
24966,339,1.8380530973451328,1.8012839211003036,0.03676917624482923,0.020004414615626877
31873,365,1.3345205479452056,1.298382014955764,0.036138532989441474,0.0270797876024351
32098,365,1.5421917808219177,1.5060950669146154,0.03609671390730229,0.023406112233372425
29698,365,1.4712328767123288,1.4358497767346874,0.03538309997764144,0.02404996553415107
30636,364,1.5796703296703296,1.5446459449745797,0.035024384695749866,0.022171958311744264
30521,365,1.4043835616438354,1.3709939811633873,0.033389580480448044,0.02377525726758396
21982,365,1.2167123287671233,1.1836566274337572,0.033055701333366105,0.02716804995874494
31168,365,1.2580821917808218,1.2250299963924063,0.03305219538841553,0.026271888756035863
31960,365,1.3572602739726027,1.32491429134591,0.03234598262669275,0.023831820062056627
31416,365,1.692602739726028,1.6619387285962497,0.030664011129778235,0.0181164844000794
30925,365,1.2112328767123288,1.1814820428164547,0.029750833895874074,0.024562439203786555
31915,365,1.1893150684931508,1.1597517595001279,0.029563308993022952,0.02485742405540976
31388,354,1.2522598870056498,1.2237202972194738,0.02853958978617599,0.022790468721647417
30393,364,1.2436813186813187,1.2155720895872666,0.028109229094052113,0.022601633289673004
31004,365,1.232054794520548,1.204283310560739,0.027771483959809107,0.02254078640278035
24908,365,1.894246575342466,1.8674525514551221,0.026794023887343865,0.014144950417819655
31707,365,1.232602739726027,1.20598737998368,0.026615359742347078,0.021592812415996192
32061,364,1.2678571428571428,1.2435836259685047,0.024273516888638103,0.019145309095263855
23884,365,1.4761643835616438,1.4522036089778763,0.023960774583767552,0.01623177936725159
30372,365,1.6578082191780823,1.6344356906740634,0.02337252850401894,0.014098451336914416
29231,365,1.4005479452054792,1.3778336446701664,0.02271430053531276,0.016218152768758137
28138,306,1.8362745098039215,1.8152022469326172,0.02107226287130426,0.01147555159035256
31510,365,1.0249315068493152,1.0044750205361068,0.0204564863132084,0.019958881326706937
28722,365,0.8958904109589038,0.8758816521788296,0.020008758780074132,0.02233393564136716
31088,365,0.9997260273972604,0.979786768378052,0.019939259019208344,0.019944723326969158
29612,364,1.048901098901099,1.0295911724996436,0.019309926401455346,0.018409673153823327
28434,364,1.2494505494505495,1.231228066321749,0.018222483128800482,0.014584397227096252
36034,365,1.4816438356164385,1.4651826484685075,0.01646118714793099,0.011110083781425315
31369,365,1.409041095890411,1.3930414227814707,0.015999673108940238,0.011355008136813508
31909,365,1.2964383561643837,1.28049583957033,0.015942516594053657,0.012297165166588301
31329,365,1.0575342465753426,1.0421592680150518,0.015374978560290797,0.014538515996129897
29263,364,1.2057692307692307,1.1920412645357978,0.013727966233432864,0.011385235153724227
30230,365,1.2435616438356165,1.2300256718470626,0.013535971988553941,0.010884841982423855
22550,365,0.717808219178082,0.7051069211939427,0.012701297984139326,0.017694556351949827
27595,365,0.8517808219178081,0.8397931684349498,0.011987653482858351,0.014073636285761656
23891,364,1.4549450549450547,1.443221850083261,0.011723204861793679,0.00805748974639898
30777,365,1.286301369863014,1.2751204675247203,0.011180902338293608,0.008692288292816116
29282,365,1.2978082191780822,1.2871122948376283,0.010695924340453855,0.008241529204698454
25703,364,2.1123626373626374,2.102015066949221,0.010347570413416385,0.004898576707612907
28224,321,1.0457943925233646,1.0371495455967676,0.00864484692659695,0.008266296882447484
27459,365,0.9583561643835615,0.9497568404113185,0.008599323972243056,0.008972993853255333
31532,365,1.552876712328767,1.5443689355866548,0.008507776742112227,0.005478720026236703
30054,365,1.0723287671232877,1.064640438201493,0.007688328921794829,0.007169749760999266
23921,364,1.3782967032967033,1.3707533192114678,0.007543384085235472,0.005472975497360398
30252,365,1.6312328767123287,1.6251508400538195,0.00608203665850926,0.003728490729519449
23631,365,0.942191780821918,0.9362788771011241,0.005912903720793894,0.006275690195085114
24951,365,1.5734246575342465,1.5684915705229323,0.00493308701131423,0.003135254673741414
31253,337,1.1477744807121661,1.1442732836266298,0.0035011970855363117,0.0030504224866228983
27333,253,1.066403162055336,1.063399571075616,0.0030035909797201388,0.002816562334578188
23955,365,1.3512328767123285,1.3483639635370204,0.00286891317530813,0.0021231818917020837
32411,365,1.2542465753424659,1.2518874016444974,0.002359173697968453,0.001880948885448854
24738,364,1.4505494505494505,1.448783457788874,0.0017659927605764292,0.0012174647061549625
28275,365,1.067945205479452,1.0665075803397555,0.0014376251396965856,0.0013461600204957766
23724,365,1.0712328767123287,1.0708329632306752,0.00039991348165346885,0.0003733207693184556
24959,365,1.2219178082191782,1.2219759505538093,-5.814233463108387e-05,0.0
22887,364,0.9054945054945056,0.9059241716596451,-0.0004296661651395084,0.0
20891,365,1.3630136986301367,1.3639506254743223,-0.0009369268441856704,0.0
24817,365,1.7164383561643837,1.7191438381394295,-0.0027054819750458314,0.0
27648,365,0.9419178082191783,0.9454131453188314,-0.0034953370996531063,0.0
27947,327,1.0553516819571866,1.0590803585627573,-0.0037286766055706355,0.0
24944,364,1.3057692307692306,1.3096475301095498,-0.0038782993403192467,0.0
35121,365,0.9882191780821917,0.9921094566680593,-0.003890278585867546,0.0
23933,365,0.9767123287671233,0.9806223625730569,-0.003910033805933577,0.0
34172,364,1.0324175824175823,1.0376529642715948,-0.005235381854012511,0.0
23205,364,1.0483516483516482,1.0543339579724347,-0.005982309620786497,0.0
22641,365,0.9123287671232877,0.9185081823088534,-0.006179415185565751,0.0
23418,364,1.074725274725275,1.0814774987789302,-0.006752224053655276,0.0
28064,365,0.9076712328767123,0.9144968061006232,-0.0068255732239109745,0.0
32165,365,0.8424657534246576,0.849430505335331,-0.006964751910673472,0.0
23405,365,0.9263013698630135,0.9344963726033901,-0.008195002740376656,0.0
24641,364,1.320054945054945,1.3286244992698943,-0.008569554214949315,0.0
34123,365,0.6342465753424658,0.6442755986790951,-0.010029023336629361,0.0
22583,365,0.886027397260274,0.8962070596156871,-0.010179662355413122,0.0
29430,365,0.6326027397260273,0.6430187614404992,-0.010416021714471868,0.0
23804,365,0.682191780821918,0.6964993041095465,-0.01430752328762852,0.0
28411,327,0.9865443425076453,1.0034522022129198,-0.01690785970527442,0.0
28661,365,0.8473972602739724,0.8649330203112675,-0.017535760037295067,0.0
32389,365,1.043013698630137,1.060709103776576,-0.01769540514643886,0.0
27199,365,0.8153424657534247,0.83344803861151,-0.018105572858085228,0.0
23472,365,1.5046575342465756,1.5232923232896687,-0.018634789043093125,0.0
23711,365,0.9139726027397261,0.9330211808256906,-0.019048578085964496,0.0
22602,365,0.6175342465753424,0.6371432989315219,-0.01960905235617949,0.0
24507,364,1.6873626373626376,1.7091960922866078,-0.021833454923970264,0.0
30758,365,0.9413698630136985,0.9639606989254818,-0.022590835911783236,0.0
27823,365,0.8172602739726026,0.8400569186660729,-0.022796644693470314,0.0
27612,365,0.3400000000000001,0.3678916268030258,-0.027891626803025704,0.0
28493,365,1.0054794520547945,1.0336038814342186,-0.028124429379424054,0.0
34824,365,0.7293150684931509,0.7580806940549041,-0.028765625561753216,0.0
33008,365,0.4208219178082191,0.45068007988370445,-0.02985816207548536,0.0
27037,365,0.6586301369863014,0.6887328474334609,-0.03010271044715951,0.0
24343,363,1.3575757575757577,1.38952583453872,-0.03195007696296237,0.0
28698,365,0.9041095890410958,0.9389633564487713,-0.03485376740767543,0.0
23324,365,1.0906849315068494,1.1279140366746547,-0.03722910516780531,0.0
34391,365,0.9169863013698628,0.9542302267875982,-0.03724392541773536,0.0
22802,365,0.3624657534246576,0.4010347293888869,-0.03856897596422931,0.0
26477,364,0.3826923076923077,0.4246800288619412,-0.04198772116963345,0.0
22820,365,0.45999999999999996,0.508398257200032,-0.04839825720003199,0.0
22217,365,0.6638356164383561,0.712550758854167,-0.048715142415810875,0.0
34861,365,0.575890410958904,0.6314783586469823,-0.05558794768807829,0.0
37472,364,0.6186813186813187,0.6826761771771279,-0.06399485849580921,0.0
34009,327,0.9467889908256881,1.011723885427739,-0.06493489460205093,0.0
26258,365,0.6767123287671234,0.7485989819201705,-0.0718866531530471,0.0
34646,327,0.8348623853211009,0.9077095376857378,-0.0728471523646369,0.0
24125,364,0.6497252747252746,0.7598983461262433,-0.11017307140096866,0.0
34880,365,0.4734246575342466,0.5892517005992185,-0.11582704306497188,0.0
37099,179,0.8184357541899442,0.9435092738220812,-0.12507351963213698,0.0
24688,365,1.8846575342465757,2.013615299059104,-0.1289577648125282,0.0
24266,365,2.0021917808219176,2.157885804747882,-0.15569402392596432,0.0
20674,365,0.7863013698630137,1.017095822471462,-0.23079445260844822,0.0
